Workbook

Sheet Summary
B2: 1. 수입 from 현금입금 | D2: =SUM(D4:D6) -> 101230000 | E2: =SUM(E4:E6) -> 114674216 | K2: #0. 여행/공연비 계획 | N2: =SUM(N4:N6) -> 7500000 | O2: =SUM(O4:O6) -> 7624232 | P2: =SUM(P4:P6) -> -124232 | Q2: 잔여금액 | R2: =P2/N2 -> -0.016564267
C3: 구분 | D3: 예상 | E3: 금액 | F3: % | G3: \ | H3: 비고 | L3: 구분 | N3: 연간계획 | O3: 누적 사용금액 | P3: 잔액 | Q3: 잔여기간 | R3: =(DATE(2022,12,31)-DATE(YEAR(NOW()),MONTH(NOW()),DAY(NOW())))/365 -> -3.1369863
C4: Piece - 현금입금 | D4: =3720000*2+4200000*10+180000*2+30000*12 -> 50160000 | E4: =SUMIFS('현금입금'!H:H,'현금입금'!F:F,"입금",'현금입금'!$I:$I,"p") -> 52263152 | F4: =E4/D4 -> 1.0419289 | G4: =E4-D4 -> 2103152 | H4: 3월부터는 브랜디식대 현금입금없이 회사에서 정산 | L4: 여행 | N4: 7000000 | O4: =SUMIFS('지출내역'!$I:$I,'지출내역'!$F:$F,"여행공연비",'지출내역'!$G:$G,"국내여행")+SUMIFS('지출내역'!$I:$I,'지출내역'!$F:$F,"여행공연비",'지출내역'!$G:$G,"해외여행") -> 7624232 | P4: =N4-O4 -> -624232 | Q4: =1-IFERROR(O4/N4,"") -> -0.089176
C5: Laki - 현금입금 | D5: =3120000*12+4280000+3570000+4700000 -> 49990000 | E5: =SUMIFS('현금입금'!H:H,'현금입금'!F:F,"입금",'현금입금'!$I:$I,"l") -> 62231064 | F5: =E5/D5 -> 1.2448703 | G5: =E5-D5 -> 12241064 | L5: 문화생활 | N5: 500000 | O5: =SUMIFS('지출내역'!$I:$I,'지출내역'!$F:$F,"여행공연비",'지출내역'!$G:$G,Summary!$L5) -> 0 | P5: =N5-O5 -> 500000 | Q5: =1-IFERROR(O5/N5,"") -> 1
C6: Laki - 교원공제회 고정 | D6: =90000*12 -> 1080000 | E6: =MONTH(NOW())*90000 -> 180000 | F6: =E6/D6 -> 0.16666667 | G6: =E6-D6 -> -900000 | H6: 월 9만원 고정
B8: 2. 지출 from 지출내역 | D8: =SUM(D10:D12) -> 61882000 | E8: =SUM(E10:E12) -> 55101406
C9: 구분 | D9: 예상 | E9: 금액 | F9: % | G9: \ | H9: 비고 | K9: #1. 고정비 계획 | N9: =SUM(N11:N27) -> 34736000 | O9: =SUM(O11:O27) -> 28373758 | P9: =SUM(P11:P27) -> 6362242.5 | Q9: 잔여금액 | R9: =(P9-P23)/(N9-N23) -> 0.18695513
C10: 여행/공연비 | D10: =N2 -> 7500000 | E10: =O2 -> 7624232 | F10: =E10/D10 -> 1.0165643 | G10: =E10-D10 -> 124232 | L10: 고정비 구분 | N10: 연간계획 | O10: 누적 사용금액 | P10: 잔액 | Q10: 잔여기간 | R10: =(DATE(2022,12,31)-DATE(YEAR(NOW()),MONTH(NOW()),DAY(NOW())))/365 -> -3.1369863
C11: 고정비 | D11: =N9 -> 34736000 | E11: =O9 -> 28373758 | F11: =E11/D11 -> 0.8168401 | G11: =E11-D11 -> -6362242.5 | L11: 경조사비 | N11: 1500000 | O11: =SUMIFS('지출내역'!$I:$I,'지출내역'!$F:$F,"고정비",'지출내역'!$G:$G,Summary!$L11) -> 820000 | P11: =N11-O11 -> 680000 | Q11: =1-IFERROR(O11/N11,"") -> 0.45333333
C12: 변동비 | D12: =N31 -> 19646000 | E12: =O31 -> 19103416 | F12: =E12/D12 -> 0.97238196 | G12: =E12-D12 -> -542584 | L12: 관리비 | M12: 월평균 27만원예상 | N12: =280000*12 -> 3360000 | O12: =SUMIFS('지출내역'!$I:$I,'지출내역'!$F:$F,"고정비",'지출내역'!$G:$G,Summary!$L12) -> 3112360 | P12: =N12-O12 -> 247640 | Q12: =1-IFERROR(O12/N12,"") -> 0.073702381
L13: 교통비 | M13: 대중교통/택시비 | N13: 1000000 | O13: =SUMIFS('지출내역'!$I:$I,'지출내역'!$F:$F,"고정비",'지출내역'!$G:$G,Summary!$L13) -> 650750 | P13: =N13-O13 -> 349250 | Q13: =1-IFERROR(O13/N13,"") -> 0.34925
B14: #1. 수입 - 지출 | D14: =D2-D8 -> 39348000 | E14: =E2-E8 -> 59572810 | F14: =E14/D14 -> 1.5139984 | L14: 렌탈비 | M14: 정수기렌탈 | N14: =10900*12 -> 130800 | O14: =SUMIFS('지출내역'!$I:$I,'지출내역'!$F:$F,"고정비",'지출내역'!$G:$G,Summary!$L14) -> 111140 | P14: =N14-O14 -> 19660 | Q14: =1-IFERROR(O14/N14,"") -> 0.15030581
L15: 문경 | N15: 4000000 | O15: =SUMIFS('지출내역'!$I:$I,'지출내역'!$F:$F,"고정비",'지출내역'!$G:$G,Summary!$L15) -> 3094695 | P15: =N15-O15 -> 905305 | Q15: =1-IFERROR(O15/N15,"") -> 0.22632625
B16: 3. 저축/대출상환 | D16: =D14 -> 39348000 | E16: =SUM(E18:E22) -> 57792120 | L16: 미용 | N16: 500000 | O16: =SUMIFS('지출내역'!$I:$I,'지출내역'!$F:$F,"고정비",'지출내역'!$G:$G,Summary!$L16) -> 680850 | P16: =N16-O16 -> -180850 | Q16: =1-IFERROR(O16/N16,"") -> -0.3617
C17: 구분 | D17: 연간 예상 | E17: 금액 | F17: % | G17: \ | H17: 비고 | L17: 세금 | M17: 재산세, 지방교육세, 도시계획세 / 주민세, 자동차세 등 | N17: 1000000 | O17: =SUMIFS('지출내역'!$I:$I,'지출내역'!$F:$F,"고정비",'지출내역'!$G:$G,Summary!$L17) -> 563060 | P17: =N17-O17 -> 436940 | Q17: =1-IFERROR(O17/N17,"") -> 0.43694
C18: 교원공제회 | D18: =90000*12 -> 1080000 | E18: =MONTH(NOW())*90000 -> 180000 | F18: =IFERROR(E18/D18,0) -> 0.16666667 | G18: =E18-D18 -> -900000 | H18: 월 9만원 고정 | L18: 보험 | M18: 자동차보험, 화재보험, 실손보험 | N18: =500000+9600*12+35000*12 -> 1035200 | O18: =SUMIFS('지출내역'!$I:$I,'지출내역'!$F:$F,"고정비",'지출내역'!$G:$G,Summary!$L18) -> 992140 | P18: =N18-O18 -> 43060 | Q18: =1-IFERROR(O18/N18,"") -> 0.041595827
C19: 주택담보대출상환(원금) | D19: 3927333 | E19: =SUMIFS('지출내역'!$I:$I,'지출내역'!$F:$F,"대출상환",'지출내역'!$G:$G,"주택담보대출 원금") -> 46139925 | F19: =IFERROR(E19/D19,0) -> 11.748412 | G19: =E19-D19 -> 42212592 | L19: 통신비 | N19: 850000 | O19: =SUMIFS('지출내역'!$I:$I,'지출내역'!$F:$F,"고정비",'지출내역'!$G:$G,Summary!$L19) -> 751270 | P19: =N19-O19 -> 98730 | Q19: =1-IFERROR(O19/N19,"") -> 0.11615294
C20: 신용대출상환(원금) | D20: 0 | E20: =SUMIFS('지출내역'!$I:$I,'지출내역'!$F:$F,"대출상환",'지출내역'!$G:$G,"신용대출 원금") -> 0 | F20: =IFERROR(E20/D20,0) -> 0 | G20: =E20-D20 -> 0 | L20: 자동차운행 | M20: 주유, 하이패스, 수리, 세차 등 | N20: 2000000 | O20: =SUMIFS('지출내역'!$I:$I,'지출내역'!$F:$F,"고정비",'지출내역'!$G:$G,Summary!$L20) -> 2097640 | P20: =N20-O20 -> -97640 | Q20: =1-IFERROR(O20/N20,"") -> -0.04882
C21: 예적금/금융자산 | D21: =D16-D18-D19-D20 -> 34340667 | E21: =E26-D26 -> 14393470 | F21: =IFERROR(E21/D21,0) -> 0.41913775 | G21: =E21-D21 -> -19947197 | L21: 취미 | M21: 헬스/수영 등 | N21: 1000000 | O21: =SUMIFS('지출내역'!$I:$I,'지출내역'!$F:$F,"고정비",'지출내역'!$G:$G,Summary!$L21) -> 1362198.2 | P21: =N21-O21 -> -362198.2 | Q21: =1-IFERROR(O21/N21,"") -> -0.3621982
C22: 카드결제예정액 | E22: =SUM(G36:G39)*-1 -> -2921275 | L22: 비품 및 수선유지비 | N22: 3500000 | O22: =SUMIFS('지출내역'!$I:$I,'지출내역'!$F:$F,"고정비",'지출내역'!$G:$G,Summary!$L22) -> 3563568 | P22: =N22-O22 -> -63568 | Q22: =1-IFERROR(O22/N22,"") -> -0.018162286
L23: 주택담보대출 이자 | N23: 5000000 | O23: =SUMIFS('지출내역'!$I:$I,'지출내역'!$F:$F,"고정비",'지출내역'!$G:$G,Summary!$L23) -> 4197055.3 | P23: =N23-O23 -> 802944.66 | Q23: =1-IFERROR(O23/N23,"") -> 0.16058893
D24: 예적금/금융자산 | L24: 의료/건강 | N24: 4000000 | O24: =SUMIFS('지출내역'!$I:$I,'지출내역'!$F:$F,"고정비",'지출내역'!$G:$G,Summary!$L24) -> 1423081 | P24: =N24-O24 -> 2576919 | Q24: =1-IFERROR(O24/N24,"") -> 0.64422975
D25: 기초 | E25: 기말 | L25: 예비비 | N25: 1500000 | O25: =SUMIFS('지출내역'!$I:$I,'지출내역'!$F:$F,"고정비",'지출내역'!$G:$G,Summary!$L25) -> 964090 | P25: =N25-O25 -> 535910 | Q25: =1-IFERROR(O25/N25,"") -> 0.35727333
D26: 23067103 | E26: =SUM(G26:G34) -> 37460573 | F26: Laki KB | G26: 8047004 | L26: 교육비 | N26: 4000000 | O26: =SUMIFS('지출내역'!$I:$I,'지출내역'!$F:$F,"고정비",'지출내역'!$G:$G,Summary!$L26) -> 3674260 | P26: =N26-O26 -> 325740 | Q26: =1-IFERROR(O26/N26,"") -> 0.081435
F27: Piece KB | G27: =3428712 -> 3428712 | L27: 브랜디식대 | M27: 월 18만원 | N27: =180000*2 -> 360000 | O27: =SUMIFS('지출내역'!$I:$I,'지출내역'!$F:$F,"고정비",'지출내역'!$G:$G,Summary!$L27) -> 315600 | P27: =N27-O27 -> 44400 | Q27: =1-IFERROR(O27/N27,"") -> 0.12333333
F28: Piece SC | G28: 9009653
F29: Laki KB 외 | G29: 10082040
F30: Laki 주식계좌 | G30: 6095164
K31: #2. 변동비 계획 | N31: =SUM(N33:N40) -> 19646000 | O31: =SUM(O33:O40) -> 19103416 | P31: =SUM(P33:P40) -> 542584 | Q31: 잔여금액 | R31: =P31/N31 -> 0.027618039
F32: Laki 제로페이 | G32: 402900 | L32: 변동비 구분 | N32: 연간계획 | O32: 누적 사용금액 | P32: 잔액 | Q32: 잔여기간 | R32: =(DATE(2022,12,31)-DATE(YEAR(NOW()),MONTH(NOW()),DAY(NOW())))/365 -> -3.1369863
F33: Piece 제로페이 | G33: 395100 | L33: 기타구매 | N33: 5000000 | O33: =SUMIFS('지출내역'!$I:$I,'지출내역'!$F:$F,"변동비",'지출내역'!$G:$G,Summary!$L33) -> 4730317 | P33: =N33-O33 -> 269683 | Q33: =1-IFERROR(O33/N33,"") -> 0.0539366
D34: 2022.12.31. | L34: 담배 | N34: =4500*4*52 -> 936000 | O34: =SUMIFS('지출내역'!$I:$I,'지출내역'!$F:$F,"변동비",'지출내역'!$G:$G,Summary!$L34) -> 908735 | P34: =N34-O34 -> 27265 | Q34: =1-IFERROR(O34/N34,"") -> 0.029129274
L35: 모임비 | M35: 연간 150만원예상 | N35: 1000000 | O35: =SUMIFS('지출내역'!$I:$I,'지출내역'!$F:$F,"변동비",'지출내역'!$G:$G,Summary!$L35) -> 881470 | P35: =N35-O35 -> 118530 | Q35: =1-IFERROR(O35/N35,"") -> 0.11853
D36: 카드결제예정액 | F36: piece KB | G36: 684148 | L36: 식비 | M36: 연간 650만원예상 | N36: 6500000 | O36: =SUMIFS('지출내역'!$I:$I,'지출내역'!$F:$F,"변동비",'지출내역'!$G:$G,Summary!$L36) -> 6401752 | P36: =N36-O36 -> 98248 | Q36: =1-IFERROR(O36/N36,"") -> 0.015115077
D37: 기초 | E37: 기말 | F37: laki-신한 | G37: 329381 | L37: 외식비 | M37: 연간 300만원예상 | N37: 3500000 | O37: =SUMIFS('지출내역'!$I:$I,'지출내역'!$F:$F,"변동비",'지출내역'!$G:$G,Summary!$L37) -> 3873179 | P37: =N37-O37 -> -373179 | Q37: =1-IFERROR(O37/N37,"") -> -0.10662257
E38: =SUM(G36:G39) -> 2921275 | F38: laki 현대 | G38: 45652 | L38: 의류 | N38: 2000000 | O38: =SUMIFS('지출내역'!$I:$I,'지출내역'!$F:$F,"변동비",'지출내역'!$G:$G,Summary!$L38) -> 1658308 | P38: =N38-O38 -> 341692 | Q38: =1-IFERROR(O38/N38,"") -> 0.170846
D39: 2022.12.31. | F39: laki KB | G39: 1862094 | L39: 출근식대 | M39: 주 평균 9000원 x 5일 x 5주 | N39: 200000 | O39: =SUMIFS('지출내역'!$I:$I,'지출내역'!$F:$F,"변동비",'지출내역'!$G:$G,Summary!$L39) -> 68000 | P39: =N39-O39 -> 132000 | Q39: =1-IFERROR(O39/N39,"") -> 0.66
L40: 커피 | M40: 원두 월 3만원 + a | N40: =12*30000+150000 -> 510000 | O40: =SUMIFS('지출내역'!$I:$I,'지출내역'!$F:$F,"변동비",'지출내역'!$G:$G,Summary!$L40) -> 581655 | P40: =N40-O40 -> -71655 | Q40: =1-IFERROR(O40/N40,"") -> -0.1405
B42: 4. 미집계금액
C43: 구분 | E43: 금액 | H43: 비고 | L43: 주 기준금액 | M43: 377000 | N43: =N31/52 -> 377807.69 | P43: =P31 -> 542584
E44: =E14-E16 -> 1780690.5 | H44: 전년 이월, 지출기입누락으로 추정
B46: 5. 자산현황
C47: 구분 | D47: 기초 | E47: 기말 | F47: % | G47: \ | H47: 비고
C48: 자산 | D48: =SUM(D49:D55)-D50 -> 855638692 | E48: =SUM(E49:E55)-E50 -> 837057184 | G48: =E48-D48 -> -18581508
C49: 1) 부동산 - 시세 | D49: 710000000 | E49: 660000000 | F49: =E49/D49-1 -> -0.070422535 | G49: =E49-D49 -> -50000000 | H49: 2019.05.09. 매매가 427,000,000원
C50: ㄴ부동산 - 평가차익 | D50: =D49-427000000 -> 283000000 | E50: =E49-427000000 -> 233000000 | F50: =IFERROR(E50/D50-1,"") -> -0.17667845 | G50: =E50-D50 -> -50000000 | H50: 2021.11.27. 7.1억원, 2022.05.06. 7.05억원, 2022.09.01 7억원, 2022.10.01 6.9억원, 2022.10.29. 6.8억원. 2022.12.30 6.6억원
C51: 2) 자동차 | D51: 2000000 | E51: 2000000 | F51: =E51/D51-1 -> 0 | G51: =E51-D51 -> 0
C52: 3) 공무원연금 | D52: 80091420 | E52: 89921630 | F52: =E52/D52-1 -> 0.12273737 | G52: =E52-D52 -> 9830210
C53: 3) 퇴직금예상 | D53: 4584209 | E53: 9372591 | F53: =E53/D53-1 -> 1.0445383 | G53: =E53-D53 -> 4788382 | H53: 2022.12.19 기준
C54: 4) 교원공제회 | D54: 35895960 | E54: 38302390 | F54: =E54/D54-1 -> 0.067039021 | G54: =E54-D54 -> 2406430
C55: 5) 기타예적금 | D55: =D26 -> 23067103 | E55: =E26 -> 37460573 | F55: =E55/D55-1 -> 0.62398256 | G55: =E55-D55 -> 14393470
C57: 부채 | D57: =SUM(D58:D60) -> 165223781 | E57: =SUM(E58:E60) -> 1.2200513e+08 | G57: =E57-D57 -> -43218650 | H57: 부동산 부채비율
C58: 1) 주택담보대출 | D58: 165223781 | E58: =D58-E19 -> 1.1908386e+08 | F58: =IFERROR(E58/D58-1,0) -> -0.27925717 | G58: =E58-D58 -> -46139925 | H58: =E58/E49 -> 0.18043008
C59: 2) 카드결제예정액 | D59: =D38 | E59: =E38 -> 2921275 | F59: =IFERROR(E59/D59-1,0) -> 0 | G59: =E59-D59 -> 2921275
C61: 순자산 | D61: =D48-D57 -> 690414911 | E61: =E48-E57 -> 7.1505205e+08 | F61: =E61/D61-1 -> 0.035684545 | G61: =E61-D61 -> 24637142
C62: 순자산(평가차익 제외) | D62: =SUM(D51:D55)-D57+427000000 -> 407414911 | E62: =SUM(E51:E55)-E57+427000000 -> 4.8205205e+08 | F62: =E62/D62-1 -> 0.18319688 | G62: =E62-D62 -> 74637142
C63: 순자산(평가차익, 연금성 제외) | D63: =D62-D51-D52 -> 325323491 | E63: =E62-E51-E52 -> 3.9013042e+08 | F63: =E63/D63-1 -> 0.19920766 | G63: =E63-D63 -> 64806932

Sheet 지출내역
B1: 날짜 | C1: 월 | D1: 요일 | E1: 주 | F1: 분류 | G1: 내역 | H1: 결제수단 | I1: 금액 | J1: 작성자 | K1: 비고
B2: 44651 | C2: =DATE(YEAR(B2),MONTH(B2),1) -> 44621 | D2: =IF(B2="","",B2) -> 44651 | E2: =WEEKNUM(B2) -> 14 | F2: 대출상환 | G2: 주택담보대출 원금 | H2: 현금 | I2: 6200000 | J2: p | K2: 중도상환
B3: 44578 | C3: =DATE(YEAR(B3),MONTH(B3),1) -> 44562 | D3: =IF(B3="","",B3) -> 44578 | E3: =WEEKNUM(B3) -> 4 | F3: 대출상환 | G3: 주택담보대출 원금 | H3: 현금 | I3: 3700000 | J3: p
B4: 44732 | C4: =DATE(YEAR(B4),MONTH(B4),1) -> 44713 | D4: =IF(B4="","",B4) -> 44732 | E4: =WEEKNUM(B4) -> 26 | F4: 대출상환 | G4: 주택담보대출 원금 | H4: 현금 | I4: 3000000 | J4: p
B5: 44715 | C5: =DATE(YEAR(B5),MONTH(B5),1) -> 44713 | D5: =IF(B5="","",B5) -> 44715 | E5: =WEEKNUM(B5) -> 23 | F5: 대출상환 | G5: 주택담보대출 원금 | H5: 현금 | I5: 2800000 | J5: p
B6: 44744 | C6: =DATE(YEAR(B6),MONTH(B6),1) -> 44743 | D6: =IF(B6="","",B6) -> 44744 | E6: =WEEKNUM(B6) -> 27 | F6: 대출상환 | G6: 주택담보대출 원금 | H6: 현금 | I6: 2400000 | J6: p
B7: 44682 | C7: =DATE(YEAR(B7),MONTH(B7),1) -> 44682 | D7: =IF(B7="","",B7) -> 44682 | E7: =WEEKNUM(B7) -> 19 | F7: 대출상환 | G7: 주택담보대출 원금 | H7: 현금 | I7: 2350000 | J7: p
B8: 44620 | C8: =DATE(YEAR(B8),MONTH(B8),1) -> 44593 | D8: =IF(B8="","",B8) -> 44620 | E8: =WEEKNUM(B8) -> 10 | F8: 대출상환 | G8: 주택담보대출 원금 | H8: 현금 | I8: 2200000 | J8: p
B9: 44614 | C9: =DATE(YEAR(B9),MONTH(B9),1) -> 44593 | D9: =IF(B9="","",B9) -> 44614 | E9: =WEEKNUM(B9) -> 9 | F9: 고정비 | G9: 교육비 | H9: 카드 | I9: 2040000 | J9: L | K9: 대학원 등록금
B10: 44562 | C10: =DATE(YEAR(B10),MONTH(B10),1) -> 44562 | D10: =IF(B10="","",B10) -> 44562 | E10: =WEEKNUM(B10) -> 1 | F10: 대출상환 | G10: 주택담보대출 원금 | H10: 현금 | I10: 2000000 | J10: p | K10: 중도상환
B11: 44589 | C11: =DATE(YEAR(B11),MONTH(B11),1) -> 44562 | D11: =IF(B11="","",B11) -> 44589 | E11: =WEEKNUM(B11) -> 5 | F11: 대출상환 | G11: 주택담보대출 원금 | H11: 현금 | I11: 1800000 | J11: p
B12: 44795 | C12: =DATE(YEAR(B12),MONTH(B12),1) -> 44774 | D12: =IF(B12="","",B12) -> 44795 | E12: =WEEKNUM(B12) -> 35 | F12: 대출상환 | G12: 주택담보대출 원금 | H12: 현금 | I12: 1750014 | J12: p
B13: 44818 | C13: =DATE(YEAR(B13),MONTH(B13),1) -> 44805 | D13: =IF(B13="","",B13) -> 44818 | E13: =WEEKNUM(B13) -> 38 | F13: 고정비 | G13: 교육비 | H13: 카드 | I13: 1580000 | J13: L | K13: 대학원 등록금
B14: 44666 | C14: =DATE(YEAR(B14),MONTH(B14),1) -> 44652 | D14: =IF(B14="","",B14) -> 44666 | E14: =WEEKNUM(B14) -> 16 | F14: 대출상환 | G14: 주택담보대출 원금 | H14: 현금 | I14: 1500000 | J14: p
B15: 44843 | C15: =DATE(YEAR(B15),MONTH(B15),1) -> 44835 | D15: =IF(B15="","",B15) -> 44843 | E15: =WEEKNUM(B15) -> 42 | F15: 대출상환 | G15: 주택담보대출 원금 | H15: 현금 | I15: 1480000 | J15: p
B16: 44689 | C16: =DATE(YEAR(B16),MONTH(B16),1) -> 44682 | D16: =IF(B16="","",B16) -> 44689 | E16: =WEEKNUM(B16) -> 20 | F16: 대출상환 | G16: 주택담보대출 원금 | H16: 현금 | I16: 1200000 | J16: p
B17: 44751 | C17: =DATE(YEAR(B17),MONTH(B17),1) -> 44743 | D17: =IF(B17="","",B17) -> 44751 | E17: =WEEKNUM(B17) -> 28 | F17: 고정비 | G17: 비품 및 수선유지비 | H17: 카드 | I17: 1139720 | J17: L | K17: 롯데온: 맥북에어M1
B18: 44615 | C18: =DATE(YEAR(B18),MONTH(B18),1) -> 44593 | D18: =IF(B18="","",B18) -> 44615 | E18: =WEEKNUM(B18) -> 9 | F18: 대출상환 | G18: 주택담보대출 원금 | H18: 현금 | I18: 1100000 | J18: p
B19: 44650 | C19: =DATE(YEAR(B19),MONTH(B19),1) -> 44621 | D19: =IF(B19="","",B19) -> 44650 | E19: =WEEKNUM(B19) -> 14 | F19: 대출상환 | G19: 주택담보대출 원금 | H19: 현금 | I19: 1100000 | J19: p | K19: 중도상환
B20: 44748 | C20: =DATE(YEAR(B20),MONTH(B20),1) -> 44743 | D20: =IF(B20="","",B20) -> 44748 | E20: =WEEKNUM(B20) -> 28 | F20: 여행공연비 | G20: 해외여행 | H20: 카드 | I20: 1080800 | J20: L | K20: 에어서울 : 서울-나트랑 왕복 2인
B21: 44764 | C21: =DATE(YEAR(B21),MONTH(B21),1) -> 44743 | D21: =IF(B21="","",B21) -> 44764 | E21: =WEEKNUM(B21) -> 30 | F21: 대출상환 | G21: 주택담보대출 원금 | H21: 현금 | I21: 1007589 | J21: p
B22: 44666 | C22: =DATE(YEAR(B22),MONTH(B22),1) -> 44652 | D22: =IF(B22="","",B22) -> 44666 | E22: =WEEKNUM(B22) -> 16 | F22: 대출상환 | G22: 주택담보대출 원금 | H22: 현금 | I22: 1000000 | J22: p
B23: 44687 | C23: =DATE(YEAR(B23),MONTH(B23),1) -> 44682 | D23: =IF(B23="","",B23) -> 44687 | E23: =WEEKNUM(B23) -> 19 | F23: 대출상환 | G23: 주택담보대출 원금 | H23: 현금 | I23: 1000000 | J23: p
B24: 44702 | C24: =DATE(YEAR(B24),MONTH(B24),1) -> 44682 | D24: =IF(B24="","",B24) -> 44702 | E24: =WEEKNUM(B24) -> 21 | F24: 대출상환 | G24: 주택담보대출 원금 | H24: 현금 | I24: 1000000 | J24: p
B25: 44773 | C25: =DATE(YEAR(B25),MONTH(B25),1) -> 44743 | D25: =IF(B25="","",B25) -> 44773 | E25: =WEEKNUM(B25) -> 32 | F25: 대출상환 | G25: 주택담보대출 원금 | H25: 현금 | I25: 1000000 | J25: p
B26: 44775 | C26: =DATE(YEAR(B26),MONTH(B26),1) -> 44774 | D26: =IF(B26="","",B26) -> 44775 | E26: =WEEKNUM(B26) -> 32 | F26: 대출상환 | G26: 주택담보대출 원금 | H26: 현금 | I26: 1000000 | J26: p
B27: 44723 | C27: =DATE(YEAR(B27),MONTH(B27),1) -> 44713 | D27: =IF(B27="","",B27) -> 44723 | E27: =WEEKNUM(B27) -> 24 | F27: 대출상환 | G27: 주택담보대출 원금 | H27: 현금 | I27: 900000 | J27: p
B28: 44806 | C28: =DATE(YEAR(B28),MONTH(B28),1) -> 44805 | D28: =IF(B28="","",B28) -> 44806 | E28: =WEEKNUM(B28) -> 36 | F28: 여행공연비 | G28: 해외여행 | H28: 카드 | I28: 811500 | J28: L | K28: 제주항공: 인천-보홀 왕복 2인
B29: 44764 | C29: =DATE(YEAR(B29),MONTH(B29),1) -> 44743 | D29: =IF(B29="","",B29) -> 44764 | E29: =WEEKNUM(B29) -> 30 | F29: 대출상환 | G29: 주택담보대출 원금 | H29: 현금 | I29: 740000 | J29: p
B30: 44873 | C30: =DATE(YEAR(B30),MONTH(B30),1) -> 44866 | D30: =IF(B30="","",B30) -> 44873 | E30: =WEEKNUM(B30) -> 46 | F30: 고정비 | G30: 취미 | H30: 카드 | I30: 740000 | J30: L | K30: 네이버: 고고다이브 프리다이빙 초급강습
B31: 44748 | C31: =DATE(YEAR(B31),MONTH(B31),1) -> 44743 | D31: =IF(B31="","",B31) -> 44748 | E31: =WEEKNUM(B31) -> 28 | F31: 여행공연비 | G31: 해외여행 | H31: 카드 | I31: 705124 | J31: p | K31: 트리플 : 나트랑 아미아나 리조트 3박
B32: 44809 | C32: =DATE(YEAR(B32),MONTH(B32),1) -> 44805 | D32: =IF(B32="","",B32) -> 44809 | E32: =WEEKNUM(B32) -> 37 | F32: 대출상환 | G32: 주택담보대출 원금 | H32: 현금 | I32: =247074+452926 -> 700000 | J32: p
B33: 44916 | C33: =DATE(YEAR(B33),MONTH(B33),1) -> 44896 | D33: =IF(B33="","",B33) -> 44916 | E33: =WEEKNUM(B33) -> 52 | F33: 여행공연비 | G33: 해외여행 | H33: 카드 | I33: 626727 | J33: L | K33: 아고다: 사우스팜 디럭스풀뷰(2/1/~2/4)
B34: 44686 | C34: =DATE(YEAR(B34),MONTH(B34),1) -> 44682 | D34: =IF(B34="","",B34) -> 44686 | E34: =WEEKNUM(B34) -> 19 | F34: 고정비 | G34: 문경 | H34: 현금 | I34: 600000 | J34: L | K34: 양가 어버이날 용돈
B35: 44813 | C35: =DATE(YEAR(B35),MONTH(B35),1) -> 44805 | D35: =IF(B35="","",B35) -> 44813 | E35: =WEEKNUM(B35) -> 37 | F35: 고정비 | G35: 문경 | H35: 현금 | I35: 600000 | J35: L | K35: 양가용돈
B36: 44836 | C36: =DATE(YEAR(B36),MONTH(B36),1) -> 44835 | D36: =IF(B36="","",B36) -> 44836 | E36: =WEEKNUM(B36) -> 41 | F36: 변동비 | G36: 기타구매 | H36: 카드 | I36: 596750 | J36: p | K36: 고프로 gopro.com GoPro Hero 11 Black Bundle : $411.70
B37: 44772 | C37: =DATE(YEAR(B37),MONTH(B37),1) -> 44743 | D37: =IF(B37="","",B37) -> 44772 | E37: =WEEKNUM(B37) -> 31 | F37: 여행공연비 | G37: 해외여행 | H37: 현금 | I37: =791764-290000 -> 501764 | J37: L | K37: $600 환전 (VND 5260k 29만원에 당근거래)
B38: 44570 | C38: =DATE(YEAR(B38),MONTH(B38),1) -> 44562 | D38: =IF(B38="","",B38) -> 44570 | E38: =WEEKNUM(B38) -> 3 | F38: 고정비 | G38: 예비비 | H38: 카드 | I38: 484300 | J38: L | K38: 롯데홈쇼핑: 애플워치7 41mm
B39: 44570 | C39: =DATE(YEAR(B39),MONTH(B39),1) -> 44562 | D39: =IF(B39="","",B39) -> 44570 | E39: =WEEKNUM(B39) -> 3 | F39: 고정비 | G39: 예비비 | H39: 카드 | I39: =528220-48430 -> 479790 | J39: L | K39: 하이마트: 애플워치7 45mm(L포인트 48430 사용)
B40: 44899 | C40: =DATE(YEAR(B40),MONTH(B40),1) -> 44896 | D40: =IF(B40="","",B40) -> 44899 | E40: =WEEKNUM(B40) -> 50 | F40: 고정비 | G40: 보험 | H40: 카드 | I40: 459580 | J40: p | K40: DB 다이렉트 자동차보험
B41: 44922 | C41: =DATE(YEAR(B41),MONTH(B41),1) -> 44896 | D41: =IF(B41="","",B41) -> 44922 | E41: =WEEKNUM(B41) -> 53 | F41: 변동비 | G41: 기타구매 | H41: 카드 | I41: =487900*0.9 -> 439110 | J41: p | K41: 세계주류마켓 : 가야BDM 99, 하트랜드+브로켈 32, 몬테스알파 26.5 x 2, 프레시넷 12.9, 몬테스M+라피우벨 199, 끌로뒤발+이니스프리 92
B42: 44584 | C42: =DATE(YEAR(B42),MONTH(B42),1) -> 44562 | D42: =IF(B42="","",B42) -> 44584 | E42: =WEEKNUM(B42) -> 5 | F42: 고정비 | G42: 비품 및 수선유지비 | H42: 카드 | I42: 431400 | J42: L | K42: 티몬: 인텔 i5 12400F 엘더레이크 정품 2개
B43: 44566 | C43: =DATE(YEAR(B43),MONTH(B43),1) -> 44562 | D43: =IF(B43="","",B43) -> 44566 | E43: =WEEKNUM(B43) -> 2 | F43: 고정비 | G43: 주택담보대출 이자 | H43: 현금 | I43: =412140 -> 412140 | J43: p
B44: 44599 | C44: =DATE(YEAR(B44),MONTH(B44),1) -> 44593 | D44: =IF(B44="","",B44) -> 44599 | E44: =WEEKNUM(B44) -> 7 | F44: 고정비 | G44: 주택담보대출 이자 | H44: 현금 | I44: 397447 | J44: p
B45: 44627 | C45: =DATE(YEAR(B45),MONTH(B45),1) -> 44621 | D45: =IF(B45="","",B45) -> 44627 | E45: =WEEKNUM(B45) -> 11 | F45: 고정비 | G45: 주택담보대출 이자 | H45: 현금 | I45: 388335 | J45: p
B46: 44915 | C46: =DATE(YEAR(B46),MONTH(B46),1) -> 44896 | D46: =IF(B46="","",B46) -> 44915 | E46: =WEEKNUM(B46) -> 52 | F46: 여행공연비 | G46: 해외여행 | H46: 현금 | I46: 386928 | J46: L | K46: 달러 환전($300)
B47: 44921 | C47: =DATE(YEAR(B47),MONTH(B47),1) -> 44896 | D47: =IF(B47="","",B47) -> 44921 | E47: =WEEKNUM(B47) -> 53 | F47: 여행공연비 | G47: 해외여행 | H47: 현금 | I47: 382839 | J47: L | K47: 달러 환전($300)
B48: 44656 | C48: =DATE(YEAR(B48),MONTH(B48),1) -> 44652 | D48: =IF(B48="","",B48) -> 44656 | E48: =WEEKNUM(B48) -> 15 | F48: 고정비 | G48: 주택담보대출 이자 | H48: 현금 | I48: 369137 | J48: p
B49: 44687 | C49: =DATE(YEAR(B49),MONTH(B49),1) -> 44682 | D49: =IF(B49="","",B49) -> 44687 | E49: =WEEKNUM(B49) -> 19 | F49: 고정비 | G49: 주택담보대출 이자 | H49: 현금 | I49: 355655 | J49: p
B50: 44839 | C50: =DATE(YEAR(B50),MONTH(B50),1) -> 44835 | D50: =IF(B50="","",B50) -> 44839 | E50: =WEEKNUM(B50) -> 41 | F50: 고정비 | G50: 의료/건강 | H50: 카드 | I50: 350000 | J50: L | K50: 건강검진
B51: 44839 | C51: =DATE(YEAR(B51),MONTH(B51),1) -> 44835 | D51: =IF(B51="","",B51) -> 44839 | E51: =WEEKNUM(B51) -> 41 | F51: 고정비 | G51: 의료/건강 | H51: 카드 | I51: 350000 | J51: p | K51: 녹십자 아이메드 강북의원 : 건강검진
B52: 44584 | C52: =DATE(YEAR(B52),MONTH(B52),1) -> 44562 | D52: =IF(B52="","",B52) -> 44584 | E52: =WEEKNUM(B52) -> 5 | F52: 고정비 | G52: 비품 및 수선유지비 | H52: 카드 | I52: 348000 | J52: L | K52: 하이버: GIGABYTE B660M AORUS PRO D4 2개
B53: 44719 | C53: =DATE(YEAR(B53),MONTH(B53),1) -> 44713 | D53: =IF(B53="","",B53) -> 44719 | E53: =WEEKNUM(B53) -> 24 | F53: 고정비 | G53: 주택담보대출 이자 | H53: 현금 | I53: 339797 | J53: p
B54: 44828 | C54: =DATE(YEAR(B54),MONTH(B54),1) -> 44805 | D54: =IF(B54="","",B54) -> 44828 | E54: =WEEKNUM(B54) -> 39 | F54: 여행공연비 | G54: 해외여행 | H54: 카드 | I54: 330531 | J54: L | K54: 아고다: 헤난 알로나 2박($216.31)
B55: 44747 | C55: =DATE(YEAR(B55),MONTH(B55),1) -> 44743 | D55: =IF(B55="","",B55) -> 44747 | E55: =WEEKNUM(B55) -> 28 | F55: 고정비 | G55: 주택담보대출 이자 | H55: 현금 | I55: 323211 | J55: p
B56: 44566 | C56: =DATE(YEAR(B56),MONTH(B56),1) -> 44562 | D56: =IF(B56="","",B56) -> 44566 | E56: =WEEKNUM(B56) -> 2 | F56: 대출상환 | G56: 주택담보대출 원금 | H56: 현금 | I56: 318850 | J56: p
B57: 44645 | C57: =DATE(YEAR(B57),MONTH(B57),1) -> 44621 | D57: =IF(B57="","",B57) -> 44645 | E57: =WEEKNUM(B57) -> 13 | F57: 고정비 | G57: 관리비 | H57: 카드 | I57: 318530 | J57: p
B58: 44828 | C58: =DATE(YEAR(B58),MONTH(B58),1) -> 44805 | D58: =IF(B58="","",B58) -> 44828 | E58: =WEEKNUM(B58) -> 39 | F58: 여행공연비 | G58: 해외여행 | H58: 카드 | I58: 317651 | J58: L | K58: 아고다: 헤난 타왈라 2박($225.08)
B59: 44614 | C59: =DATE(YEAR(B59),MONTH(B59),1) -> 44593 | D59: =IF(B59="","",B59) -> 44614 | E59: =WEEKNUM(B59) -> 9 | F59: 고정비 | G59: 관리비 | H59: 카드 | I59: 314960 | J59: p
B60: 44778 | C60: =DATE(YEAR(B60),MONTH(B60),1) -> 44774 | D60: =IF(B60="","",B60) -> 44778 | E60: =WEEKNUM(B60) -> 32 | F60: 고정비 | G60: 주택담보대출 이자 | H60: 현금 | I60: 313100 | J60: p
B61: 44599 | C61: =DATE(YEAR(B61),MONTH(B61),1) -> 44593 | D61: =IF(B61="","",B61) -> 44599 | E61: =WEEKNUM(B61) -> 7 | F61: 대출상환 | G61: 주택담보대출 원금 | H61: 현금 | I61: 308863 | J61: p
B62: 44809 | C62: =DATE(YEAR(B62),MONTH(B62),1) -> 44805 | D62: =IF(B62="","",B62) -> 44809 | E62: =WEEKNUM(B62) -> 37 | F62: 고정비 | G62: 주택담보대출 이자 | H62: 현금 | I62: 308050 | J62: p
B63: 44839 | C63: =DATE(YEAR(B63),MONTH(B63),1) -> 44835 | D63: =IF(B63="","",B63) -> 44839 | E63: =WEEKNUM(B63) -> 41 | F63: 고정비 | G63: 주택담보대출 이자 | H63: 현금 | I63: 306282 | J63: p
B64: 44627 | C64: =DATE(YEAR(B64),MONTH(B64),1) -> 44621 | D64: =IF(B64="","",B64) -> 44627 | E64: =WEEKNUM(B64) -> 11 | F64: 대출상환 | G64: 주택담보대출 원금 | H64: 현금 | I64: 303139 | J64: p
B65: 44872 | C65: =DATE(YEAR(B65),MONTH(B65),1) -> 44866 | D65: =IF(B65="","",B65) -> 44872 | E65: =WEEKNUM(B65) -> 46 | F65: 고정비 | G65: 주택담보대출 이자 | H65: 현금 | I65: 301922 | J65: p
B66: 44900 | C66: =DATE(YEAR(B66),MONTH(B66),1) -> 44896 | D66: =IF(B66="","",B66) -> 44900 | E66: =WEEKNUM(B66) -> 50 | F66: 고정비 | G66: 주택담보대출 이자 | H66: 현금 | I66: 301305.34 | J66: p
B67: 44591 | C67: =DATE(YEAR(B67),MONTH(B67),1) -> 44562 | D67: =IF(B67="","",B67) -> 44591 | E67: =WEEKNUM(B67) -> 6 | F67: 고정비 | G67: 문경 | H67: 현금 | I67: 300000 | J67: L | K67: 명절 용돈
B68: 44586 | C68: =DATE(YEAR(B68),MONTH(B68),1) -> 44562 | D68: =IF(B68="","",B68) -> 44586 | E68: =WEEKNUM(B68) -> 5 | F68: 고정비 | G68: 관리비 | H68: 카드 | I68: 298730 | J68: p
B69: 44656 | C69: =DATE(YEAR(B69),MONTH(B69),1) -> 44652 | D69: =IF(B69="","",B69) -> 44656 | E69: =WEEKNUM(B69) -> 15 | F69: 대출상환 | G69: 주택담보대출 원금 | H69: 현금 | I69: 289451 | J69: p
B70: 44830 | C70: =DATE(YEAR(B70),MONTH(B70),1) -> 44805 | D70: =IF(B70="","",B70) -> 44830 | E70: =WEEKNUM(B70) -> 40 | F70: 고정비 | G70: 관리비 | H70: 카드 | I70: 286070 | J70: p
B71: 44886 | C71: =DATE(YEAR(B71),MONTH(B71),1) -> 44866 | D71: =IF(B71="","",B71) -> 44886 | E71: =WEEKNUM(B71) -> 48 | F71: 변동비 | G71: 식비 | H71: 카드 | I71: 284490 | J71: L | K71: 코스트코
B72: 44687 | C72: =DATE(YEAR(B72),MONTH(B72),1) -> 44682 | D72: =IF(B72="","",B72) -> 44687 | E72: =WEEKNUM(B72) -> 19 | F72: 대출상환 | G72: 주택담보대출 원금 | H72: 현금 | I72: 280138 | J72: p
B73: 44828 | C73: =DATE(YEAR(B73),MONTH(B73),1) -> 44805 | D73: =IF(B73="","",B73) -> 44828 | E73: =WEEKNUM(B73) -> 39 | F73: 고정비 | G73: 문경 | H73: 카드 | I73: 270560 | J73: L | K73: 티몬: 비스포크 슬림 무선 청소기(엄마 생신선물)
B74: 44713 | C74: =DATE(YEAR(B74),MONTH(B74),1) -> 44713 | D74: =IF(B74="","",B74) -> 44713 | E74: =WEEKNUM(B74) -> 23 | F74: 고정비 | G74: 비품 및 수선유지비 | H74: 카드 | I74: =289520-20266 -> 269254 | J74: L | K74: 하이마트: bose tv speaker
B75: 44922 | C75: =DATE(YEAR(B75),MONTH(B75),1) -> 44896 | D75: =IF(B75="","",B75) -> 44922 | E75: =WEEKNUM(B75) -> 53 | F75: 고정비 | G75: 관리비 | H75: 카드 | I75: 269050 | J75: p
B76: 44719 | C76: =DATE(YEAR(B76),MONTH(B76),1) -> 44713 | D76: =IF(B76="","",B76) -> 44719 | E76: =WEEKNUM(B76) -> 24 | F76: 대출상환 | G76: 주택담보대출 원금 | H76: 현금 | I76: 268858 | J76: p
B77: 44798 | C77: =DATE(YEAR(B77),MONTH(B77),1) -> 44774 | D77: =IF(B77="","",B77) -> 44798 | E77: =WEEKNUM(B77) -> 35 | F77: 고정비 | G77: 관리비 | H77: 카드 | I77: 263520 | J77: p
B78: 44677 | C78: =DATE(YEAR(B78),MONTH(B78),1) -> 44652 | D78: =IF(B78="","",B78) -> 44677 | E78: =WEEKNUM(B78) -> 18 | F78: 고정비 | G78: 관리비 | H78: 카드 | I78: 261800 | J78: p
B79: 44747 | C79: =DATE(YEAR(B79),MONTH(B79),1) -> 44743 | D79: =IF(B79="","",B79) -> 44747 | E79: =WEEKNUM(B79) -> 28 | F79: 대출상환 | G79: 주택담보대출 원금 | H79: 현금 | I79: 256893 | J79: p
B80: 44754 | C80: =DATE(YEAR(B80),MONTH(B80),1) -> 44743 | D80: =IF(B80="","",B80) -> 44754 | E80: =WEEKNUM(B80) -> 29 | F80: 여행공연비 | G80: 해외여행 | H80: 카드 | I80: 256297 | J80: L | K80: 트리플 : 쉐라톤 나트랑 2박
B81: 44778 | C81: =DATE(YEAR(B81),MONTH(B81),1) -> 44774 | D81: =IF(B81="","",B81) -> 44778 | E81: =WEEKNUM(B81) -> 32 | F81: 대출상환 | G81: 주택담보대출 원금 | H81: 현금 | I81: 249986 | J81: p
B82: 44839 | C82: =DATE(YEAR(B82),MONTH(B82),1) -> 44835 | D82: =IF(B82="","",B82) -> 44839 | E82: =WEEKNUM(B82) -> 41 | F82: 대출상환 | G82: 주택담보대출 원금 | H82: 현금 | I82: 246777 | J82: p
B83: 44900 | C83: =DATE(YEAR(B83),MONTH(B83),1) -> 44896 | D83: =IF(B83="","",B83) -> 44900 | E83: =WEEKNUM(B83) -> 50 | F83: 대출상환 | G83: 주택담보대출 원금 | H83: 현금 | I83: 244991.94 | J83: p
B84: 44872 | C84: =DATE(YEAR(B84),MONTH(B84),1) -> 44866 | D84: =IF(B84="","",B84) -> 44872 | E84: =WEEKNUM(B84) -> 46 | F84: 대출상환 | G84: 주택담보대출 원금 | H84: 현금 | I84: 244375 | J84: p
B85: 44889 | C85: =DATE(YEAR(B85),MONTH(B85),1) -> 44866 | D85: =IF(B85="","",B85) -> 44889 | E85: =WEEKNUM(B85) -> 48 | F85: 고정비 | G85: 관리비 | H85: 카드 | I85: 237260 | J85: p
B86: 44859 | C86: =DATE(YEAR(B86),MONTH(B86),1) -> 44835 | D86: =IF(B86="","",B86) -> 44859 | E86: =WEEKNUM(B86) -> 44 | F86: 고정비 | G86: 관리비 | H86: 카드 | I86: 220170 | J86: p
B87: 44768 | C87: =DATE(YEAR(B87),MONTH(B87),1) -> 44743 | D87: =IF(B87="","",B87) -> 44768 | E87: =WEEKNUM(B87) -> 31 | F87: 고정비 | G87: 관리비 | H87: 카드 | I87: 219930 | J87: p
B88: 44706 | C88: =DATE(YEAR(B88),MONTH(B88),1) -> 44682 | D88: =IF(B88="","",B88) -> 44706 | E88: =WEEKNUM(B88) -> 22 | F88: 고정비 | G88: 관리비 | H88: 카드 | I88: 215430 | J88: p
B89: 44802 | C89: =DATE(YEAR(B89),MONTH(B89),1) -> 44774 | D89: =IF(B89="","",B89) -> 44802 | E89: =WEEKNUM(B89) -> 36 | F89: 변동비 | G89: 의류 | H89: 카드 | I89: 215200 | J89: L | K89: 롯데백화점: ANDZ 자켓
B90: 44563 | C90: =DATE(YEAR(B90),MONTH(B90),1) -> 44562 | D90: =IF(B90="","",B90) -> 44563 | E90: =WEEKNUM(B90) -> 2 | F90: 변동비 | G90: 식비 | H90: 카드 | I90: 214740 | J90: L | K90: 코스트코
B91: 44828 | C91: =DATE(YEAR(B91),MONTH(B91),1) -> 44805 | D91: =IF(B91="","",B91) -> 44828 | E91: =WEEKNUM(B91) -> 39 | F91: 고정비 | G91: 비품 및 수선유지비 | H91: 카드 | I91: 209560 | J91: L | K91: 쿠팡: 전동칫솔 소닉케어
B92: 44736 | C92: =DATE(YEAR(B92),MONTH(B92),1) -> 44713 | D92: =IF(B92="","",B92) -> 44736 | E92: =WEEKNUM(B92) -> 26 | F92: 고정비 | G92: 관리비 | H92: 카드 | I92: 206910 | J92: p
B93: 44839 | C93: =DATE(YEAR(B93),MONTH(B93),1) -> 44835 | D93: =IF(B93="","",B93) -> 44839 | E93: =WEEKNUM(B93) -> 41 | F93: 변동비 | G93: 기타구매 | H93: 현금 | I93: =228900*0.9 -> 206010 | J93: L | K93: 조양마트 와인구입(모바일 온누리 상품권)
B94: 44584 | C94: =DATE(YEAR(B94),MONTH(B94),1) -> 44562 | D94: =IF(B94="","",B94) -> 44584 | E94: =WEEKNUM(B94) -> 5 | F94: 고정비 | G94: 비품 및 수선유지비 | H94: 카드 | I94: 205500 | J94: L | K94: 네이버쇼핑: 샌디스크 SSD Ultra 3D 2TB
B95: 44607 | C95: =DATE(YEAR(B95),MONTH(B95),1) -> 44593 | D95: =IF(B95="","",B95) -> 44607 | E95: =WEEKNUM(B95) -> 8 | F95: 변동비 | G95: 식비 | H95: 카드 | I95: 202570 | J95: L | K95: 코스트코
B96: 44656 | C96: =DATE(YEAR(B96),MONTH(B96),1) -> 44652 | D96: =IF(B96="","",B96) -> 44656 | E96: =WEEKNUM(B96) -> 15 | F96: 대출상환 | G96: 주택담보대출 원금 | H96: 현금 | I96: 200000 | J96: p | K96: 중도상환
B97: 44806 | C97: =DATE(YEAR(B97),MONTH(B97),1) -> 44805 | D97: =IF(B97="","",B97) -> 44806 | E97: =WEEKNUM(B97) -> 36 | F97: 고정비 | G97: 경조사비 | H97: 현금 | I97: 200000 | J97: p | K97: 현중이 결혼식
B98: 44738 | C98: =DATE(YEAR(B98),MONTH(B98),1) -> 44713 | D98: =IF(B98="","",B98) -> 44738 | E98: =WEEKNUM(B98) -> 27 | F98: 고정비 | G98: 미용 | H98: 카드 | I98: =200000-5000 -> 195000 | J98: L | K98: 도봉 에이바헤어 선결제
B99: 44791 | C99: =DATE(YEAR(B99),MONTH(B99),1) -> 44774 | D99: =IF(B99="","",B99) -> 44791 | E99: =WEEKNUM(B99) -> 34 | F99: 고정비 | G99: 미용 | H99: 카드 | I99: =200000-5000 -> 195000 | J99: L | K99: 리안헤어 선결제
B100: 44591 | C100: =DATE(YEAR(B100),MONTH(B100),1) -> 44562 | D100: =IF(B100="","",B100) -> 44591 | E100: =WEEKNUM(B100) -> 6 | F100: 고정비 | G100: 문경 | H100: 카드 | I100: 190007 | J100: L | K100: 하이버: 갤럭시워치4(매봉)
...

Sheet 현금입금
B1: 날짜 | C1: 월 | D1: 요일 | E1: 주 | F1: 구분 | G1: 내역 | H1: 금액 | I1: 작성자 | J1: 비고
B2: 44566 | C2: =DATE(YEAR(B2),MONTH(B2),1) -> 44562 | D2: =IF(B2="","",B2) -> 44566 | E2: =WEEKNUM(B2) -> 2 | F2: 입금 | G2: 기프티스타 | H2: 5790 | I2: L | J2: 기프티콘 판매
B3: 44571 | C3: =DATE(YEAR(B3),MONTH(B3),1) -> 44562 | D3: =IF(B3="","",B3) -> 44571 | E3: =WEEKNUM(B3) -> 3 | F3: 입금 | G3: 기프티스타 | H3: 8750 | I3: L | J3: 기프티콘 판매
B4: 44578 | C4: =DATE(YEAR(B4),MONTH(B4),1) -> 44562 | D4: =IF(B4="","",B4) -> 44578 | E4: =WEEKNUM(B4) -> 4 | F4: 입금 | G4: 1월 급여 | H4: 6941660 | I4: L | J4: 1월 정근수당, 명절 수당 포함
B5: 44580 | C5: =DATE(YEAR(B5),MONTH(B5),1) -> 44562 | D5: =IF(B5="","",B5) -> 44580 | E5: =WEEKNUM(B5) -> 4 | F5: 입금 | G5: 적금 이자 | H5: =1200+4750 -> 5950 | I5: L | J5: 적금 만기 이자
B6: 44585 | C6: =DATE(YEAR(B6),MONTH(B6),1) -> 44562 | D6: =IF(B6="","",B6) -> 44585 | E6: =WEEKNUM(B6) -> 5 | F6: 입금 | G6: 1월 식대 | H6: 180400 | I6: p
B7: 44585 | C7: =DATE(YEAR(B7),MONTH(B7),1) -> 44562 | D7: =IF(B7="","",B7) -> 44585 | E7: =WEEKNUM(B7) -> 5 | F7: 입금 | G7: 기프티스타 | H7: 7690 | I7: L | J7: 기프티콘 판매
B8: 44586 | C8: =DATE(YEAR(B8),MONTH(B8),1) -> 44562 | D8: =IF(B8="","",B8) -> 44586 | E8: =WEEKNUM(B8) -> 5 | F8: 입금 | G8: 국제과학영재학회 | H8: 547200 | I8: L | J8: 문제출제 수당
B9: 44589 | C9: =DATE(YEAR(B9),MONTH(B9),1) -> 44562 | D9: =IF(B9="","",B9) -> 44589 | E9: =WEEKNUM(B9) -> 5 | F9: 입금 | G9: 브랜디 처조부상 조의금 | H9: 100000 | I9: p
B10: 44589 | C10: =DATE(YEAR(B10),MONTH(B10),1) -> 44562 | D10: =IF(B10="","",B10) -> 44589 | E10: =WEEKNUM(B10) -> 5 | F10: 입금 | G10: 1월 급여 | H10: 3693100 | I10: p
B11: 44593 | C11: =DATE(YEAR(B11),MONTH(B11),1) -> 44593 | D11: =IF(B11="","",B11) -> 44593 | E11: =WEEKNUM(B11) -> 6 | F11: 입금 | G11: 세뱃돈 | H11: 260000 | I11: L
B12: 44595 | C12: =DATE(YEAR(B12),MONTH(B12),1) -> 44593 | D12: =IF(B12="","",B12) -> 44595 | E12: =WEEKNUM(B12) -> 6 | F12: 입금 | G12: 기프티스타 | H12: 5630 | I12: L | J12: 기프티콘 판매
B13: 44599 | C13: =DATE(YEAR(B13),MONTH(B13),1) -> 44593 | D13: =IF(B13="","",B13) -> 44599 | E13: =WEEKNUM(B13) -> 7 | F13: 입금 | G13: 월드와이드메모리 | H13: 239000 | I13: p | J13: i7-6770K,i5-3570,DDR3 메모리 판매
B14: 44602 | C14: =DATE(YEAR(B14),MONTH(B14),1) -> 44593 | D14: =IF(B14="","",B14) -> 44602 | E14: =WEEKNUM(B14) -> 7 | F14: 입금 | G14: 파인테크캐시백 | H14: 2244 | I14: p
B15: 44602 | C15: =DATE(YEAR(B15),MONTH(B15),1) -> 44593 | D15: =IF(B15="","",B15) -> 44602 | E15: =WEEKNUM(B15) -> 7 | F15: 입금 | G15: 파인테크캐시백 | H15: 10000 | I15: L
B16: 44604 | C16: =DATE(YEAR(B16),MONTH(B16),1) -> 44593 | D16: =IF(B16="","",B16) -> 44604 | E16: =WEEKNUM(B16) -> 7 | F16: 입금 | G16: 예금 이자 | H16: 2330 | I16: L
B17: 44609 | C17: =DATE(YEAR(B17),MONTH(B17),1) -> 44593 | D17: =IF(B17="","",B17) -> 44609 | E17: =WEEKNUM(B17) -> 8 | F17: 입금 | G17: 2월 급여 | H17: 3533110 | I17: L | J17: 연말정산 환급금 1/2 포함
B18: 44614 | C18: =DATE(YEAR(B18),MONTH(B18),1) -> 44593 | D18: =IF(B18="","",B18) -> 44614 | E18: =WEEKNUM(B18) -> 9 | F18: 입금 | G18: 서울교대 영재원 | H18: 500000 | I18: L | J18: 영재원 멘토링
B19: 44615 | C19: =DATE(YEAR(B19),MONTH(B19),1) -> 44593 | D19: =IF(B19="","",B19) -> 44615 | E19: =WEEKNUM(B19) -> 9 | F19: 입금 | G19: 2월 식대 | H19: 180000 | I19: p
B20: 44617 | C20: =DATE(YEAR(B20),MONTH(B20),1) -> 44593 | D20: =IF(B20="","",B20) -> 44617 | E20: =WEEKNUM(B20) -> 9 | F20: 입금 | G20: 현대카드 | H20: 30000 | I20: L | J20: 연회비 캐시백
B21: 44620 | C21: =DATE(YEAR(B21),MONTH(B21),1) -> 44593 | D21: =IF(B21="","",B21) -> 44620 | E21: =WEEKNUM(B21) -> 10 | F21: 입금 | G21: 2월 급여 | H21: 4515720 | I21: p | J21: 연말정산 환급금(822,646원) 포함
B22: 44620 | C22: =DATE(YEAR(B22),MONTH(B22),1) -> 44593 | D22: =IF(B22="","",B22) -> 44620 | E22: =WEEKNUM(B22) -> 10 | F22: 입금 | G22: 신한카드 | H22: 54340 | I22: L | J22: 포인트 환급
B23: 44620 | C23: =DATE(YEAR(B23),MONTH(B23),1) -> 44593 | D23: =IF(B23="","",B23) -> 44620 | E23: =WEEKNUM(B23) -> 10 | F23: 입금 | G23: KB | H23: 27987 | I23: L | J23: 포인트리 환급
B24: 44622 | C24: =DATE(YEAR(B24),MONTH(B24),1) -> 44621 | D24: =IF(B24="","",B24) -> 44622 | E24: =WEEKNUM(B24) -> 10 | F24: 입금 | G24: 신한카드 | H24: 5000 | I24: L | J24: 마이샵 캐시백
B25: 44623 | C25: =DATE(YEAR(B25),MONTH(B25),1) -> 44621 | D25: =IF(B25="","",B25) -> 44623 | E25: =WEEKNUM(B25) -> 10 | F25: 입금 | G25: 기프티스타 | H25: 6390 | I25: L | J25: 기프티콘 판매
B26: 44627 | C26: =DATE(YEAR(B26),MONTH(B26),1) -> 44621 | D26: =IF(B26="","",B26) -> 44627 | E26: =WEEKNUM(B26) -> 11 | F26: 입금 | G26: 카카오 선물 환불 | H26: 32940 | I26: p
B27: 44630 | C27: =DATE(YEAR(B27),MONTH(B27),1) -> 44621 | D27: =IF(B27="","",B27) -> 44630 | E27: =WEEKNUM(B27) -> 11 | F27: 입금 | G27: KB | H27: 6742 | I27: p | J27: 파인테크 캐시백
B28: 44630 | C28: =DATE(YEAR(B28),MONTH(B28),1) -> 44621 | D28: =IF(B28="","",B28) -> 44630 | E28: =WEEKNUM(B28) -> 11 | F28: 입금 | G28: 3월 식대 | H28: 71500 | I28: p | J28: 개인카드 결제건
B29: 44637 | C29: =DATE(YEAR(B29),MONTH(B29),1) -> 44621 | D29: =IF(B29="","",B29) -> 44637 | E29: =WEEKNUM(B29) -> 12 | F29: 입금 | G29: 3월 급여 | H29: 3493590 | I29: L | J29: 연말정산 환급금 1/2 포함
B30: 44639 | C30: =DATE(YEAR(B30),MONTH(B30),1) -> 44621 | D30: =IF(B30="","",B30) -> 44639 | E30: =WEEKNUM(B30) -> 12 | F30: 입금 | G30: KB | H30: 26934 | I30: p | J30: 포인트리 환급
B31: 44643 | C31: =DATE(YEAR(B31),MONTH(B31),1) -> 44621 | D31: =IF(B31="","",B31) -> 44643 | E31: =WEEKNUM(B31) -> 13 | F31: 입금 | G31: 3월 식대 | H31: 62400 | I31: p | J31: 하나카드 결제건
B32: 44648 | C32: =DATE(YEAR(B32),MONTH(B32),1) -> 44621 | D32: =IF(B32="","",B32) -> 44648 | E32: =WEEKNUM(B32) -> 14 | F32: 입금 | G32: 기프티스타 | H32: 7650 | I32: L | J32: 기프티콘 판매
B33: 44649 | C33: =DATE(YEAR(B33),MONTH(B33),1) -> 44621 | D33: =IF(B33="","",B33) -> 44649 | E33: =WEEKNUM(B33) -> 14 | F33: 입금 | G33: 신한카드 | H33: 10000 | I33: L | J33: 신한카드 캐시백
B34: 44651 | C34: =DATE(YEAR(B34),MONTH(B34),1) -> 44621 | D34: =IF(B34="","",B34) -> 44651 | E34: =WEEKNUM(B34) -> 14 | F34: 입금 | G34: 3월 급여 | H34: 4250760 | I34: p
B35: 44651 | C35: =DATE(YEAR(B35),MONTH(B35),1) -> 44621 | D35: =IF(B35="","",B35) -> 44651 | E35: =WEEKNUM(B35) -> 14 | F35: 입금 | G35: 성과상여금 | H35: 4817050 | I35: L
B36: 44651 | C36: =DATE(YEAR(B36),MONTH(B36),1) -> 44621 | D36: =IF(B36="","",B36) -> 44651 | E36: =WEEKNUM(B36) -> 14 | F36: 입금 | G36: 서울교대 영재원 | H36: 592800 | I36: L | J36: 탐구과제 지도비
B37: 44652 | C37: =DATE(YEAR(B37),MONTH(B37),1) -> 44652 | D37: =IF(B37="","",B37) -> 44652 | E37: =WEEKNUM(B37) -> 14 | F37: 입금 | G37: 기프티스타 | H37: 9150 | I37: L | J37: 기프티콘 판매
B38: 44652 | C38: =DATE(YEAR(B38),MONTH(B38),1) -> 44652 | D38: =IF(B38="","",B38) -> 44652 | E38: =WEEKNUM(B38) -> 14 | F38: 입금 | G38: 맞춤형복지 | H38: 178460 | I38: L | J38: 복지포인트 환급
B39: 44659 | C39: =DATE(YEAR(B39),MONTH(B39),1) -> 44652 | D39: =IF(B39="","",B39) -> 44659 | E39: =WEEKNUM(B39) -> 15 | F39: 입금 | G39: 파인테크캐시백 | H39: 10000 | I39: L
B40: 44666 | C40: =DATE(YEAR(B40),MONTH(B40),1) -> 44652 | D40: =IF(B40="","",B40) -> 44666 | E40: =WEEKNUM(B40) -> 16 | F40: 입금 | G40: 4월 급여 | H40: 3175740 | I40: L
B41: 44680 | C41: =DATE(YEAR(B41),MONTH(B41),1) -> 44652 | D41: =IF(B41="","",B41) -> 44680 | E41: =WEEKNUM(B41) -> 18 | F41: 입금 | G41: 4월 급여 | H41: 4230990 | I41: p
B42: 44683 | C42: =DATE(YEAR(B42),MONTH(B42),1) -> 44682 | D42: =IF(B42="","",B42) -> 44683 | E42: =WEEKNUM(B42) -> 19 | F42: 입금 | G42: 기프티스타 | H42: 7200 | I42: L | J42: 기프티콘 판매
B43: 44685 | C43: =DATE(YEAR(B43),MONTH(B43),1) -> 44682 | D43: =IF(B43="","",B43) -> 44685 | E43: =WEEKNUM(B43) -> 19 | F43: 입금 | G43: 서울교대 영재원 | H43: 1094400 | I43: L | J43: 탐구과제 지도비
B44: 44687 | C44: =DATE(YEAR(B44),MONTH(B44),1) -> 44682 | D44: =IF(B44="","",B44) -> 44687 | E44: =WEEKNUM(B44) -> 19 | F44: 입금 | G44: 기프티스타 | H44: 5000 | I44: L | J44: 기프티콘 판매
B45: 44691 | C45: =DATE(YEAR(B45),MONTH(B45),1) -> 44682 | D45: =IF(B45="","",B45) -> 44691 | E45: =WEEKNUM(B45) -> 20 | F45: 입금 | G45: 기프티스타 | H45: =4150+6850 -> 11000 | I45: L | J45: 기프티콘 판매
B46: 44695 | C46: =DATE(YEAR(B46),MONTH(B46),1) -> 44682 | D46: =IF(B46="","",B46) -> 44695 | E46: =WEEKNUM(B46) -> 20 | F46: 입금 | G46: 예금 이자 | H46: 2436 | I46: L
B47: 44697 | C47: =DATE(YEAR(B47),MONTH(B47),1) -> 44682 | D47: =IF(B47="","",B47) -> 44697 | E47: =WEEKNUM(B47) -> 21 | F47: 입금 | G47: 과학교육총연합회 | H47: 20000 | I47: L | J47: 회의참석비
B48: 44698 | C48: =DATE(YEAR(B48),MONTH(B48),1) -> 44682 | D48: =IF(B48="","",B48) -> 44698 | E48: =WEEKNUM(B48) -> 21 | F48: 입금 | G48: 5월 급여 | H48: 3144890 | I48: L
B49: 44704 | C49: =DATE(YEAR(B49),MONTH(B49),1) -> 44682 | D49: =IF(B49="","",B49) -> 44704 | E49: =WEEKNUM(B49) -> 22 | F49: 입금 | G49: 구글 | H49: 132999 | I49: p | J49: 애드센스 정산
B50: 44708 | C50: =DATE(YEAR(B50),MONTH(B50),1) -> 44682 | D50: =IF(B50="","",B50) -> 44708 | E50: =WEEKNUM(B50) -> 22 | F50: 입금 | G50: 서울교대 영재원 | H50: 547200 | I50: L | J50: 탐구과제 지도비
B51: 44711 | C51: =DATE(YEAR(B51),MONTH(B51),1) -> 44682 | D51: =IF(B51="","",B51) -> 44711 | E51: =WEEKNUM(B51) -> 23 | F51: 입금 | G51: 기프티스타 | H51: 3320 | I51: L | J51: 기프티콘 판매
B52: 44712 | C52: =DATE(YEAR(B52),MONTH(B52),1) -> 44682 | D52: =IF(B52="","",B52) -> 44712 | E52: =WEEKNUM(B52) -> 23 | F52: 입금 | G52: 5월 급여 | H52: 4241550 | I52: p
B53: 44712 | C53: =DATE(YEAR(B53),MONTH(B53),1) -> 44682 | D53: =IF(B53="","",B53) -> 44712 | E53: =WEEKNUM(B53) -> 23 | F53: 입금 | G53: 맞춤형복지 | H53: 228400 | I53: L | J53: 복지포인트 환급
B54: 44713 | C54: =DATE(YEAR(B54),MONTH(B54),1) -> 44713 | D54: =IF(B54="","",B54) -> 44713 | E54: =WEEKNUM(B54) -> 23 | F54: 입금 | G54: KB | H54: 20451 | I54: L | J54: 포인트리 환급
B55: 44722 | C55: =DATE(YEAR(B55),MONTH(B55),1) -> 44713 | D55: =IF(B55="","",B55) -> 44722 | E55: =WEEKNUM(B55) -> 24 | F55: 입금 | G55: 파인테크캐시백 | H55: 9403 | I55: p
B56: 44723 | C56: =DATE(YEAR(B56),MONTH(B56),1) -> 44713 | D56: =IF(B56="","",B56) -> 44723 | E56: =WEEKNUM(B56) -> 24 | F56: 입금 | G56: KB | H56: =164+103 -> 267 | I56: L | J56: 예금 이자
B57: 44726 | C57: =DATE(YEAR(B57),MONTH(B57),1) -> 44713 | D57: =IF(B57="","",B57) -> 44726 | E57: =WEEKNUM(B57) -> 25 | F57: 입금 | G57: 기프티스타 | H57: 14400 | I57: L | J57: 기프티콘 판매
B58: 44728 | C58: =DATE(YEAR(B58),MONTH(B58),1) -> 44713 | D58: =IF(B58="","",B58) -> 44728 | E58: =WEEKNUM(B58) -> 25 | F58: 입금 | G58: 한국교육개발원 | H58: 547200 | I58: L | J58: KDI 영재선발 문항 검토
B59: 44729 | C59: =DATE(YEAR(B59),MONTH(B59),1) -> 44713 | D59: =IF(B59="","",B59) -> 44729 | E59: =WEEKNUM(B59) -> 25 | F59: 입금 | G59: 6월 급여 | H59: 3144890 | I59: L
B60: 44736 | C60: =DATE(YEAR(B60),MONTH(B60),1) -> 44713 | D60: =IF(B60="","",B60) -> 44736 | E60: =WEEKNUM(B60) -> 26 | F60: 입금 | G60: 코웨이 아이콘 정수기, 상담 지원 | H60: 240000 | I60: p
B61: 44736 | C61: =DATE(YEAR(B61),MONTH(B61),1) -> 44713 | D61: =IF(B61="","",B61) -> 44736 | E61: =WEEKNUM(B61) -> 26 | F61: 입금 | G61: 과학교육총연합회 | H61: 456000 | I61: L | J61: 과학창의력대회 출제비
B62: 44740 | C62: =DATE(YEAR(B62),MONTH(B62),1) -> 44713 | D62: =IF(B62="","",B62) -> 44740 | E62: =WEEKNUM(B62) -> 27 | F62: 입금 | G62: 신한카드 | H62: 2000 | I62: L | J62: 캐시백
B63: 44742 | C63: =DATE(YEAR(B63),MONTH(B63),1) -> 44713 | D63: =IF(B63="","",B63) -> 44742 | E63: =WEEKNUM(B63) -> 27 | F63: 입금 | G63: 6월 급여 | H63: 4241550 | I63: p
B64: 44742 | C64: =DATE(YEAR(B64),MONTH(B64),1) -> 44713 | D64: =IF(B64="","",B64) -> 44742 | E64: =WEEKNUM(B64) -> 27 | F64: 입금 | G64: 7월 시간외수당 | H64: 127900 | I64: L | J64: 7월분 선입금
B65: 44756 | C65: =DATE(YEAR(B65),MONTH(B65),1) -> 44743 | D65: =IF(B65="","",B65) -> 44756 | E65: =WEEKNUM(B65) -> 29 | F65: 입금 | G65: 국고환급 | H65: 107170 | I65: p
B66: 44757 | C66: =DATE(YEAR(B66),MONTH(B66),1) -> 44743 | D66: =IF(B66="","",B66) -> 44757 | E66: =WEEKNUM(B66) -> 29 | F66: 입금 | G66: 7월 급여 | H66: 4801980 | I66: L
B67: 44757 | C67: =DATE(YEAR(B67),MONTH(B67),1) -> 44743 | D67: =IF(B67="","",B67) -> 44757 | E67: =WEEKNUM(B67) -> 29 | F67: 입금 | G67: 과학교육총연합회 | H67: 228000 | I67: L | J67: 창의력대회 보고서 채점
B68: 44757 | C68: =DATE(YEAR(B68),MONTH(B68),1) -> 44743 | D68: =IF(B68="","",B68) -> 44757 | E68: =WEEKNUM(B68) -> 29 | F68: 입금 | G68: 국고환급 | H68: =87420+9600 -> 97020 | I68: L
B69: 44760 | C69: =DATE(YEAR(B69),MONTH(B69),1) -> 44743 | D69: =IF(B69="","",B69) -> 44760 | E69: =WEEKNUM(B69) -> 30 | F69: 입금 | G69: 기프티스타 | H69: 14440 | I69: L | J69: 기프티콘 판매
B70: 44761 | C70: =DATE(YEAR(B70),MONTH(B70),1) -> 44743 | D70: =IF(B70="","",B70) -> 44761 | E70: =WEEKNUM(B70) -> 30 | F70: 입금 | G70: KB체크카드 할인 | H70: 5000 | I70: p
B71: 44761 | C71: =DATE(YEAR(B71),MONTH(B71),1) -> 44743 | D71: =IF(B71="","",B71) -> 44761 | E71: =WEEKNUM(B71) -> 30 | F71: 입금 | G71: KB체크카드 할인 | H71: 5000 | I71: L | J71: 지방세 캐시백
B72: 44769 | C72: =DATE(YEAR(B72),MONTH(B72),1) -> 44743 | D72: =IF(B72="","",B72) -> 44769 | E72: =WEEKNUM(B72) -> 31 | F72: 입금 | G72: 과학교육총연합회 | H72: 228000 | I72: L | J72: 창의력대회 면접 심사
B73: 44771 | C73: =DATE(YEAR(B73),MONTH(B73),1) -> 44743 | D73: =IF(B73="","",B73) -> 44771 | E73: =WEEKNUM(B73) -> 31 | F73: 입금 | G73: 7월 급여 | H73: 4228150 | I73: p
B74: 44771 | C74: =DATE(YEAR(B74),MONTH(B74),1) -> 44743 | D74: =IF(B74="","",B74) -> 44771 | E74: =WEEKNUM(B74) -> 31 | F74: 입금 | G74: 서울교대 영재원 | H74: 638400 | I74: L | J74: 탐구과제 지도비
B75: 44777 | C75: =DATE(YEAR(B75),MONTH(B75),1) -> 44774 | D75: =IF(B75="","",B75) -> 44777 | E75: =WEEKNUM(B75) -> 32 | F75: 입금 | G75: 기프티스타 | H75: 8270 | I75: L | J75: 기프티콘 판매
B76: 44783 | C76: =DATE(YEAR(B76),MONTH(B76),1) -> 44774 | D76: =IF(B76="","",B76) -> 44783 | E76: =WEEKNUM(B76) -> 33 | F76: 입금 | G76: 파인테크캐시백 | H76: 10000 | I76: L
B77: 44783 | C77: =DATE(YEAR(B77),MONTH(B77),1) -> 44774 | D77: =IF(B77="","",B77) -> 44783 | E77: =WEEKNUM(B77) -> 33 | F77: 입금 | G77: 파인테크캐시백 | H77: 1257 | I77: p
B78: 44784 | C78: =DATE(YEAR(B78),MONTH(B78),1) -> 44774 | D78: =IF(B78="","",B78) -> 44784 | E78: =WEEKNUM(B78) -> 33 | F78: 입금 | G78: KB | H78: 50000 | I78: L | J78: KB 국민카드 이벤트
B79: 44786 | C79: =DATE(YEAR(B79),MONTH(B79),1) -> 44774 | D79: =IF(B79="","",B79) -> 44786 | E79: =WEEKNUM(B79) -> 33 | F79: 입금 | G79: 결산이자 | H79: =1318+105 -> 1423 | I79: p
B80: 44786 | C80: =DATE(YEAR(B80),MONTH(B80),1) -> 44774 | D80: =IF(B80="","",B80) -> 44786 | E80: =WEEKNUM(B80) -> 33 | F80: 입금 | G80: 결산이자 | H80: =2307 -> 2307 | I80: L
B81: 44787 | C81: =DATE(YEAR(B81),MONTH(B81),1) -> 44774 | D81: =IF(B81="","",B81) -> 44787 | E81: =WEEKNUM(B81) -> 34 | F81: 입금 | G81: 신한카드 | H81: 39128 | I81: L | J81: 포인트 환급
B82: 44790 | C82: =DATE(YEAR(B82),MONTH(B82),1) -> 44774 | D82: =IF(B82="","",B82) -> 44790 | E82: =WEEKNUM(B82) -> 34 | F82: 입금 | G82: 8월 급여 | H82: 3156620 | I82: L
B83: 44798 | C83: =DATE(YEAR(B83),MONTH(B83),1) -> 44774 | D83: =IF(B83="","",B83) -> 44798 | E83: =WEEKNUM(B83) -> 35 | F83: 입금 | G83: 종이접기 강사비 | H83: 360000 | I83: L
B84: 44803 | C84: =DATE(YEAR(B84),MONTH(B84),1) -> 44774 | D84: =IF(B84="","",B84) -> 44803 | E84: =WEEKNUM(B84) -> 36 | F84: 입금 | G84: KB | H84: 30862 | I84: L | J84: 포인트리 환급
B85: 44804 | C85: =DATE(YEAR(B85),MONTH(B85),1) -> 44774 | D85: =IF(B85="","",B85) -> 44804 | E85: =WEEKNUM(B85) -> 36 | F85: 입금 | G85: 8월 급여 | H85: 4228150 | I85: p
B86: 44810 | C86: =DATE(YEAR(B86),MONTH(B86),1) -> 44805 | D86: =IF(B86="","",B86) -> 44810 | E86: =WEEKNUM(B86) -> 37 | F86: 입금 | G86: 기프티스타 | H86: 6900 | I86: L | J86: 기프티콘 판매
B87: 44811 | C87: =DATE(YEAR(B87),MONTH(B87),1) -> 44805 | D87: =IF(B87="","",B87) -> 44811 | E87: =WEEKNUM(B87) -> 37 | F87: 입금 | G87: 추석 상여금 | H87: 2158260 | I87: L
B88: 44812 | C88: =DATE(YEAR(B88),MONTH(B88),1) -> 44805 | D88: =IF(B88="","",B88) -> 44812 | E88: =WEEKNUM(B88) -> 37 | F88: 입금 | G88: 파인테크캐시백 | H88: 10000 | I88: L
B89: 44820 | C89: =DATE(YEAR(B89),MONTH(B89),1) -> 44805 | D89: =IF(B89="","",B89) -> 44820 | E89: =WEEKNUM(B89) -> 38 | F89: 입금 | G89: 9월 급여 | H89: 3003990 | I89: L
B90: 44834 | C90: =DATE(YEAR(B90),MONTH(B90),1) -> 44805 | D90: =IF(B90="","",B90) -> 44834 | E90: =WEEKNUM(B90) -> 40 | F90: 입금 | G90: 9월 급여 | H90: 4228150 | I90: p
B91: 44838 | C91: =DATE(YEAR(B91),MONTH(B91),1) -> 44835 | D91: =IF(B91="","",B91) -> 44838 | E91: =WEEKNUM(B91) -> 41 | F91: 입금 | G91: 을지초 | H91: 10000 | I91: L | J91: 출장비
B92: 44841 | C92: =DATE(YEAR(B92),MONTH(B92),1) -> 44835 | D92: =IF(B92="","",B92) -> 44841 | E92: =WEEKNUM(B92) -> 41 | F92: 입금 | G92: 파인테크캐시백 | H92: 10000 | I92: L
B93: 44849 | C93: =DATE(YEAR(B93),MONTH(B93),1) -> 44835 | D93: =IF(B93="","",B93) -> 44849 | E93: =WEEKNUM(B93) -> 42 | F93: 입금 | G93: KB | H93: 18755 | I93: L | J93: 포인트리 환급
B94: 44851 | C94: =DATE(YEAR(B94),MONTH(B94),1) -> 44835 | D94: =IF(B94="","",B94) -> 44851 | E94: =WEEKNUM(B94) -> 43 | F94: 입금 | G94: 10월 급여 | H94: 3160830 | I94: L
B95: 44854 | C95: =DATE(YEAR(B95),MONTH(B95),1) -> 44835 | D95: =IF(B95="","",B95) -> 44854 | E95: =WEEKNUM(B95) -> 43 | F95: 입금 | G95: 브랜디 외조모상 경조금 | H95: 100000 | I95: p
B96: 44862 | C96: =DATE(YEAR(B96),MONTH(B96),1) -> 44835 | D96: =IF(B96="","",B96) -> 44862 | E96: =WEEKNUM(B96) -> 44 | F96: 입금 | G96: KB | H96: 35548 | I96: L | J96: 포인트리 환급
B97: 44863 | C97: =DATE(YEAR(B97),MONTH(B97),1) -> 44835 | D97: =IF(B97="","",B97) -> 44863 | E97: =WEEKNUM(B97) -> 44 | F97: 입금 | G97: 교통사고 형사합의금 | H97: 1000000 | I97: L
B98: 44865 | C98: =DATE(YEAR(B98),MONTH(B98),1) -> 44835 | D98: =IF(B98="","",B98) -> 44865 | E98: =WEEKNUM(B98) -> 45 | F98: 입금 | G98: 10월 급여 | H98: 4228150 | I98: p
B99: 44865 | C99: =DATE(YEAR(B99),MONTH(B99),1) -> 44835 | D99: =IF(B99="","",B99) -> 44865 | E99: =WEEKNUM(B99) -> 45 | F99: 입금 | G99: 현대해상 | H99: 740000 | I99: L | J99: 교통사고 합의금
B100: 44865 | C100: =DATE(YEAR(B100),MONTH(B100),1) -> 44835 | D100: =IF(B100="","",B100) -> 44865 | E100: =WEEKNUM(B100) -> 45 | F100: 입금 | G100: 기프티스타 | H100: 2450 | I100: L
...

Sheet 집계

Sheet 변동비 집계
E3: 주차 | F3: 기준금액 | G3: 차액 | H3: 누적사용금액 | I3: 누적기준금액 | J3: 누적차액 | L3: 총 주수 | M3: =COUNT(B:B) -> 53
E4: 1 | F4: =IF(AND(B4<>"총합계",B4<>""),변동비기준,0) -> #NAME? | G4: =IF(F4<>"",F4-C4,"") -> #NAME? | H4: =C4 -> 139688 | I4: =F4 -> #NAME? | J4: =I4-H4 -> #NAME? | L4: 누적 차액 | M4: =SUM(G:G) -> #NAME?
E5: =E4+1 -> 2 | F5: =IF(AND(B5<>"총합계",B5<>""),변동비기준,0) -> #NAME? | G5: =IF(F5<>"",F5-C5,"") -> #NAME? | H5: =H4+C5 -> 549657 | I5: =I4+F5 -> #NAME? | J5: =I5-H5 -> #NAME? | L5: =IF(M4>0,"GOOD!!","BAD!!") -> #NAME?
E6: =E5+1 -> 3 | F6: =IF(AND(B6<>"총합계",B6<>""),변동비기준,0) -> #NAME? | G6: =IF(F6<>"",F6-C6,"") -> #NAME? | H6: =H5+C6 -> 966349 | I6: =I5+F6 -> #NAME? | J6: =I6-H6 -> #NAME?
E7: =E6+1 -> 4 | F7: =IF(AND(B7<>"총합계",B7<>""),변동비기준,0) -> #NAME? | G7: =IF(F7<>"",F7-C7,"") -> #NAME? | H7: =H6+C7 -> 1138835 | I7: =I6+F7 -> #NAME? | J7: =I7-H7 -> #NAME?
E8: =E7+1 -> 5 | F8: =IF(AND(B8<>"총합계",B8<>""),변동비기준,0) -> #NAME? | G8: =IF(F8<>"",F8-C8,"") -> #NAME? | H8: =H7+C8 -> 1220368 | I8: =I7+F8 -> #NAME? | J8: =I8-H8 -> #NAME?
E9: =E8+1 -> 6 | F9: =IF(AND(B9<>"총합계",B9<>""),변동비기준,0) -> #NAME? | G9: =IF(F9<>"",F9-C9,"") -> #NAME? | H9: =H8+C9 -> 1472063 | I9: =I8+F9 -> #NAME? | J9: =I9-H9 -> #NAME?
E10: =E9+1 -> 7 | F10: =IF(AND(B10<>"총합계",B10<>""),변동비기준,0) -> #NAME? | G10: =IF(F10<>"",F10-C10,"") -> #NAME? | H10: =H9+C10 -> 1786935 | I10: =I9+F10 -> #NAME? | J10: =I10-H10 -> #NAME?
E11: =E10+1 -> 8 | F11: =IF(AND(B11<>"총합계",B11<>""),변동비기준,0) -> #NAME? | G11: =IF(F11<>"",F11-C11,"") -> #NAME? | H11: =H10+C11 -> 2325779 | I11: =I10+F11 -> #NAME? | J11: =I11-H11 -> #NAME?
E12: =E11+1 -> 9 | F12: =IF(AND(B12<>"총합계",B12<>""),변동비기준,0) -> #NAME? | G12: =IF(F12<>"",F12-C12,"") -> #NAME? | H12: =H11+C12 -> 2495392 | I12: =I11+F12 -> #NAME? | J12: =I12-H12 -> #NAME?
E13: =E12+1 -> 10 | F13: =IF(AND(B13<>"총합계",B13<>""),변동비기준,0) -> #NAME? | G13: =IF(F13<>"",F13-C13,"") -> #NAME? | H13: =H12+C13 -> 3014673 | I13: =I12+F13 -> #NAME? | J13: =I13-H13 -> #NAME?
E14: =E13+1 -> 11 | F14: =IF(AND(B14<>"총합계",B14<>""),변동비기준,0) -> #NAME? | G14: =IF(F14<>"",F14-C14,"") -> #NAME? | H14: =H13+C14 -> 3402724 | I14: =I13+F14 -> #NAME? | J14: =I14-H14 -> #NAME?
E15: =E14+1 -> 12 | F15: =IF(AND(B15<>"총합계",B15<>""),변동비기준,0) -> #NAME? | G15: =IF(F15<>"",F15-C15,"") -> #NAME? | H15: =H14+C15 -> 3803024 | I15: =I14+F15 -> #NAME? | J15: =I15-H15 -> #NAME?
E16: =E15+1 -> 13 | F16: =IF(AND(B16<>"총합계",B16<>""),변동비기준,0) -> #NAME? | G16: =IF(F16<>"",F16-C16,"") -> #NAME? | H16: =H15+C16 -> 3986889 | I16: =I15+F16 -> #NAME? | J16: =I16-H16 -> #NAME?
E17: =E16+1 -> 14 | F17: =IF(AND(B17<>"총합계",B17<>""),변동비기준,0) -> #NAME? | G17: =IF(F17<>"",F17-C17,"") -> #NAME? | H17: =H16+C17 -> 4581455 | I17: =I16+F17 -> #NAME? | J17: =I17-H17 -> #NAME?
... E56: =E55+1 -> 53 | F56: =IF(AND(B56<>"총합계",B56<>""),변동비기준,0) -> #NAME? | G56: =IF(F56<>"",F56-C56,"") -> #NAME? | H56: =H55+C56 -> 19103416 | I56: =I55+F56 -> #NAME? | J56: =I56-H56 -> #NAME?

Sheet 주택담보대출
B1: [최초 대출내역] | L1: [현재 대출내역] | N1: 43617 | O1: 상환률 | R1: 연평균 상환원금 | S1: =S2/INT(NOW()-N1)*365 -> 22414456
C2: 대출액 | E2: 260000000 | F2: =E2 -> 260000000 | M2: 대출액 | N2: 260000000 | O2: =S2/N2 -> 0.57961089 | R2: 총 상환원금 | S2: =SUMIFS($O$9:$O$368,$N$9:$N$368,"<="&DATE(YEAR(NOW()),MONTH(NOW()),1)) -> 1.5069883e+08
C3: 이율(%) | E3: 0.0303 | M3: 이율(%) | N3: 0.0303 | R3: 총 지급이자 | S3: =SUMIFS($P$9:$P$368,$N$9:$N$368,"<="&DATE(YEAR(NOW()),MONTH(NOW()),1)) -> 33680068
C4: 상환기간(년) | E4: 30 | F4: =E4*12 -> 360 | M4: 상환기간(년) | N4: 30 | R4: 30년간 대출이자 감소 | S4: =E5-N5 -> 59341572
C5: 총 대출이자 | E5: =G9*F4-E2 -> 1.3613741e+08 | M5: 총 대출이자 | N5: =SUM(P9:P368) -> 76795839 | R5: 월 상환액 감소 | S5: =E6-N6 -> 554084.41
C6: 월평균상환액 | E6: =G9 -> 1100381.7 | M6: 월 상환액 | N6: =MIN(Q9:Q998) -> 546297.29
C8: 회차 | D8: 년월 | E8: 원금 | F8: 이자 | G8: 월불입금 | H8: 잔액 | I8: 잔여기간 | M8: 회차 | N8: 년월 | O8: 원금 | P8: 이자 | Q8: 월불입금 | R8: 잔액 | S8: 잔여기간 | T8: 비고
C9: 1 | D9: 43617 | E9: =IFERROR(ABS(PPMT($E$3/12,$C9,$F$4,$E$2)),0) -> 443881.7 | F9: =IF(E9>0,G9-E9,0) -> 656500 | G9: =IF(E9>0,$E$2*$E$3/12*(1+$E$3/12)^$F$4/((1+$E$3/12)^$F$4-1),0) -> 1100381.7 | H9: =$E$2-E9 -> 2.5955612e+08 | I9: =$F$4-C9 -> 359 | M9: 1 | N9: 43617 | O9: 443881.7 | P9: 656500 | Q9: 1100381.7 | R9: 2.5955612e+08 | S9: 359
C10: 2 | D10: 43647 | E10: =IFERROR(ABS(PPMT($E$3/12,$C10,$F$4,$E$2)),0) -> 445002.5 | F10: =IF(E10>0,G10-E10,0) -> 655379.2 | G10: =IF(E10>0,$E$2*$E$3/12*(1+$E$3/12)^$F$4/((1+$E$3/12)^$F$4-1),0) -> 1100381.7 | H10: =H9-E10 -> 2.5911112e+08 | I10: =$F$4-C10 -> 358 | M10: 2 | N10: 43647 | O10: 445002.5 | P10: 655379.2 | Q10: 1100381.7 | R10: 2.5911112e+08 | S10: 358
C11: 3 | D11: 43678 | E11: =IFERROR(ABS(PPMT($E$3/12,$C11,$F$4,$E$2)),0) -> 446126.13 | F11: =IF(E11>0,G11-E11,0) -> 654255.57 | G11: =IF(E11>0,$E$2*$E$3/12*(1+$E$3/12)^$F$4/((1+$E$3/12)^$F$4-1),0) -> 1100381.7 | H11: =H10-E11 -> 2.5866499e+08 | I11: =$F$4-C11 -> 357 | M11: 3 | N11: 43678 | O11: 446126.13 | P11: 654255.57 | Q11: 1100381.7 | R11: 2.5866499e+08 | S11: 357
C12: 4 | D12: 43709 | E12: =IFERROR(ABS(PPMT($E$3/12,$C12,$F$4,$E$2)),0) -> 447252.6 | F12: =IF(E12>0,G12-E12,0) -> 653129.1 | G12: =IF(E12>0,$E$2*$E$3/12*(1+$E$3/12)^$F$4/((1+$E$3/12)^$F$4-1),0) -> 1100381.7 | H12: =H11-E12 -> 2.5821774e+08 | I12: =$F$4-C12 -> 356 | M12: 4 | N12: 43709 | O12: 447252.6 | P12: 653129.1 | Q12: 1100381.7 | R12: 2.5821774e+08 | S12: 356
C13: 5 | D13: 43739 | E13: =IFERROR(ABS(PPMT($E$3/12,$C13,$F$4,$E$2)),0) -> 448381.91 | F13: =IF(E13>0,G13-E13,0) -> 651999.79 | G13: =IF(E13>0,$E$2*$E$3/12*(1+$E$3/12)^$F$4/((1+$E$3/12)^$F$4-1),0) -> 1100381.7 | H13: =H12-E13 -> 2.5776936e+08 | I13: =$F$4-C13 -> 355 | M13: 5 | N13: 43739 | O13: 448381.91 | P13: 651999.79 | Q13: 1100381.7 | R13: 2.5776936e+08 | S13: 355
C14: 6 | D14: 43770 | E14: =IFERROR(ABS(PPMT($E$3/12,$C14,$F$4,$E$2)),0) -> 449514.08 | F14: =IF(E14>0,G14-E14,0) -> 650867.62 | G14: =IF(E14>0,$E$2*$E$3/12*(1+$E$3/12)^$F$4/((1+$E$3/12)^$F$4-1),0) -> 1100381.7 | H14: =H13-E14 -> 2.5731984e+08 | I14: =$F$4-C14 -> 354 | M14: 6 | N14: 43770 | O14: 449514.08 | P14: 650867.62 | Q14: 1100381.7 | R14: 2.5731984e+08 | S14: 354
C15: 7 | D15: 43800 | E15: =IFERROR(ABS(PPMT($E$3/12,$C15,$F$4,$E$2)),0) -> 450649.1 | F15: =IF(E15>0,G15-E15,0) -> 649732.6 | G15: =IF(E15>0,$E$2*$E$3/12*(1+$E$3/12)^$F$4/((1+$E$3/12)^$F$4-1),0) -> 1100381.7 | H15: =H14-E15 -> 256869192 | I15: =$F$4-C15 -> 353 | M15: 7 | N15: 43800 | O15: 450649.1 | P15: 649732.6 | Q15: 1100381.7 | R15: 2.5686919e+08 | S15: 353
C16: 8 | D16: 43831 | E16: =IFERROR(ABS(PPMT($E$3/12,$C16,$F$4,$E$2)),0) -> 451786.99 | F16: =IF(E16>0,G16-E16,0) -> 648594.71 | G16: =IF(E16>0,$E$2*$E$3/12*(1+$E$3/12)^$F$4/((1+$E$3/12)^$F$4-1),0) -> 1100381.7 | H16: =H15-E16 -> 256417405 | I16: =$F$4-C16 -> 352 | M16: 8 | N16: 43831 | O16: 451786.99 | P16: 648594.71 | Q16: =O16+P16 -> 1100381.7 | R16: 2.564174e+08 | S16: 352
C17: 9 | D17: 43862 | E17: =IFERROR(ABS(PPMT($E$3/12,$C17,$F$4,$E$2)),0) -> 452927.75 | F17: =IF(E17>0,G17-E17,0) -> 647453.95 | G17: =IF(E17>0,$E$2*$E$3/12*(1+$E$3/12)^$F$4/((1+$E$3/12)^$F$4-1),0) -> 1100381.7 | H17: =H16-E17 -> 2.5596448e+08 | I17: =$F$4-C17 -> 351 | M17: 9 | N17: 43862 | O17: 452927.75 | P17: 647453.95 | Q17: =O17+P17 -> 1100381.7 | R17: 2.5596448e+08 | S17: 351
C18: 10 | D18: 43891 | E18: =IFERROR(ABS(PPMT($E$3/12,$C18,$F$4,$E$2)),0) -> 454071.39 | F18: =IF(E18>0,G18-E18,0) -> 646310.31 | G18: =IF(E18>0,$E$2*$E$3/12*(1+$E$3/12)^$F$4/((1+$E$3/12)^$F$4-1),0) -> 1100381.7 | H18: =H17-E18 -> 2.5551041e+08 | I18: =$F$4-C18 -> 350 | M18: 10 | N18: 43891 | O18: 454071.39 | P18: 646310.31 | Q18: =O18+P18 -> 1100381.7 | R18: 2.5551041e+08 | S18: 350
C19: 11 | D19: 43922 | E19: =IFERROR(ABS(PPMT($E$3/12,$C19,$F$4,$E$2)),0) -> 455217.92 | F19: =IF(E19>0,G19-E19,0) -> 645163.77 | G19: =IF(E19>0,$E$2*$E$3/12*(1+$E$3/12)^$F$4/((1+$E$3/12)^$F$4-1),0) -> 1100381.7 | H19: =H18-E19 -> 2.5505519e+08 | I19: =$F$4-C19 -> 349 | M19: 11 | N19: 43922 | O19: 455217.92 | P19: 645163.77 | Q19: =O19+P19 -> 1100381.7 | R19: 2.5505519e+08 | S19: 349
C20: 12 | D20: 43952 | E20: =IFERROR(ABS(PPMT($E$3/12,$C20,$F$4,$E$2)),0) -> 456367.35 | F20: =IF(E20>0,G20-E20,0) -> 644014.35 | G20: =IF(E20>0,$E$2*$E$3/12*(1+$E$3/12)^$F$4/((1+$E$3/12)^$F$4-1),0) -> 1100381.7 | H20: =H19-E20 -> 2.5459882e+08 | I20: =$F$4-C20 -> 348 | M20: 12 | N20: 43952 | O20: 456367.35 | P20: 644014.35 | Q20: =O20+P20 -> 1100381.7 | R20: 2.5459882e+08 | S20: 348
C21: 13 | D21: 43983 | E21: =IFERROR(ABS(PPMT($E$3/12,$C21,$F$4,$E$2)),0) -> 457519.68 | F21: =IF(E21>0,G21-E21,0) -> 642862.02 | G21: =IF(E21>0,$E$2*$E$3/12*(1+$E$3/12)^$F$4/((1+$E$3/12)^$F$4-1),0) -> 1100381.7 | H21: =H20-E21 -> 2.541413e+08 | I21: =$F$4-C21 -> 347 | M21: 13 | N21: 43983 | O21: 457519.68 | P21: 642862.02 | Q21: =O21+P21 -> 1100381.7 | R21: 2.541413e+08 | S21: 347
C22: 14 | D22: 44013 | E22: =IFERROR(ABS(PPMT($E$3/12,$C22,$F$4,$E$2)),0) -> 458674.91 | F22: =IF(E22>0,G22-E22,0) -> 641706.78 | G22: =IF(E22>0,$E$2*$E$3/12*(1+$E$3/12)^$F$4/((1+$E$3/12)^$F$4-1),0) -> 1100381.7 | H22: =H21-E22 -> 253682626 | I22: =$F$4-C22 -> 346 | M22: 14 | N22: 44013 | O22: =458674.913312657+1600000+500000 -> 2558674.9 | P22: =641706.784785307+1986+11509+910+3558 -> 659669.78 | Q22: =O22+P22 -> 3218344.7 | R22: =R21-O22 -> 251582626 | S22: 346 | T22: 7/20 중도상환 160만원(수수료 11,509원), 7/27 중도상환 50만원(수수료 3,558+910원)
C23: 15 | D23: 44044 | E23: =IFERROR(ABS(PPMT($E$3/12,$C23,$F$4,$E$2)),0) -> 459833.07 | F23: =IF(E23>0,G23-E23,0) -> 640548.63 | G23: =IF(E23>0,$E$2*$E$3/12*(1+$E$3/12)^$F$4/((1+$E$3/12)^$F$4-1),0) -> 1100381.7 | H23: =H22-E23 -> 2.5322279e+08 | I23: =$F$4-C23 -> 345 | M23: 15 | N23: 44044 | O23: =456026.547197131+1500000+2400000 -> 4356026.5 | P23: =635246.138224972+16344+3775+10198+2483 -> 668046.14 | Q23: =O23+P23 -> 5024072.7 | R23: 247226603 | S23: 345 | T23: 8/24 중도상환 240만원(수수료 16344+3775원) / 8/25 중도상환 150만원 (수수료 10198+2483원)
C24: 16 | D24: 44075 | E24: =IFERROR(ABS(PPMT($E$3/12,$C24,$F$4,$E$2)),0) -> 460994.15 | F24: =IF(E24>0,G24-E24,0) -> 639387.55 | G24: =IF(E24>0,$E$2*$E$3/12*(1+$E$3/12)^$F$4/((1+$E$3/12)^$F$4-1),0) -> 1100381.7 | H24: =H23-E24 -> 2.527618e+08 | I24: =$F$4-C24 -> 344 | M24: 16 | N24: 44075 | O24: =445527+500000+2000000+2000000+1000000 -> 5945527 | P24: =617934+3355+1159+4636+13423+1986+13094+6448+1738 -> 663773 | Q24: =O24+P24 -> 6609300 | R24: 241281076 | S24: 344 | T24: 9/2 50만원+200만원, 9/17 200만원, 9/26 100만원
C25: 17 | D25: 44105 | E25: =IFERROR(ABS(PPMT($E$3/12,$C25,$F$4,$E$2)),0) -> 462158.16 | F25: =IF(E25>0,G25-E25,0) -> 638223.54 | G25: =IF(E25>0,$E$2*$E$3/12*(1+$E$3/12)^$F$4/((1+$E$3/12)^$F$4-1),0) -> 1100381.7 | H25: =H24-E25 -> 2.5229964e+08 | I25: =$F$4-C25 -> 343 | M25: 17 | N25: 44105 | O25: =441167+2250000+600000 -> 3291167 | P25: =609234+1142+3659+3911+13770 -> 631716 | Q25: =O25+P25 -> 3922883 | R25: 237989909 | S25: 343 | T25: 10/26 2,250,000원 / 10/27 600,000원
C26: 18 | D26: 44136 | E26: =IFERROR(ABS(PPMT($E$3/12,$C26,$F$4,$E$2)),0) -> 463325.11 | F26: =IF(E26>0,G26-E26,0) -> 637056.59 | G26: =IF(E26>0,$E$2*$E$3/12*(1+$E$3/12)^$F$4/((1+$E$3/12)^$F$4-1),0) -> 1100381.7 | H26: =H25-E26 -> 2.5183632e+08 | I26: =$F$4-C26 -> 342 | M26: 18 | N26: 44136 | O26: 637047 | P26: 602126 | Q26: =O26+P26 -> 1239173 | R26: 237352862 | S26: 342 | T26: 11/5 200,000원
C27: 19 | D27: 44166 | E27: =IFERROR(ABS(PPMT($E$3/12,$C27,$F$4,$E$2)),0) -> 464495 | F27: =IF(E27>0,G27-E27,0) -> 635886.7 | G27: =IF(E27>0,$E$2*$E$3/12*(1+$E$3/12)^$F$4/((1+$E$3/12)^$F$4-1),0) -> 1100381.7 | H27: =H26-E27 -> 2.5137182e+08 | I27: =$F$4-C27 -> 341 | M27: 19 | N27: 44166 | O27: =16000000+408271+100000 -> 16508271 | P27: =38413+91094+558915+33+563 -> 689018 | Q27: =O27+P27 -> 17197289 | R27: =R26-O27 -> 220844591 | S27: 341 | T27: 12/4 16,000,000원 + 100,000원
C28: 20 | D28: 44197 | E28: =IFERROR(ABS(PPMT($E$3/12,$C28,$F$4,$E$2)),0) -> 465667.85 | F28: =IF(E28>0,G28-E28,0) -> 634713.85 | G28: =IF(E28>0,$E$2*$E$3/12*(1+$E$3/12)^$F$4/((1+$E$3/12)^$F$4-1),0) -> 1100381.7 | H28: =H27-E28 -> 2.5090615e+08 | I28: =$F$4-C28 -> 340 | M28: 20 | N28: 44197 | O28: =1344591+406625+1500000 -> 3251216 | P28: =554237+3005+7243+1618+7801 -> 573904 | Q28: =O28+P28 -> 3825120 | R28: =R27-O28 -> 217593375 | S28: 340 | T28: 1/1 1,354,839원, 1/18 1,500,000원
C29: 21 | D29: 44228 | E29: =IFERROR(ABS(PPMT($E$3/12,$C29,$F$4,$E$2)),0) -> 466843.66 | F29: =IF(E29>0,G29-E29,0) -> 633538.04 | G29: =IF(E29>0,$E$2*$E$3/12*(1+$E$3/12)^$F$4/((1+$E$3/12)^$F$4-1),0) -> 1100381.7 | H29: =H28-E29 -> 250439309 | I29: =$F$4-C29 -> 339 | M29: 21 | N29: 44228 | O29: =404860.889494676+1600000+1000000 -> 3004860.9 | P29: =549423.271874975+1195+7848+996+4872 -> 564334.27 | Q29: =O29+P29 -> 3569195.2 | R29: =R28-O29 -> 2.1458851e+08 | S29: 339 | T29: 2/14 1,600,000원, 2/17 1,000,000원
C30: 22 | D30: 44256 | E30: =IFERROR(ABS(PPMT($E$3/12,$C30,$F$4,$E$2)),0) -> 468022.44 | F30: =IF(E30>0,G30-E30,0) -> 632359.26 | G30: =IF(E30>0,$E$2*$E$3/12*(1+$E$3/12)^$F$4/((1+$E$3/12)^$F$4-1),0) -> 1100381.7 | H30: =H29-E30 -> 2.4997129e+08 | I30: =$F$4-C30 -> 338 | M30: 22 | N30: 44256 | O30: =401025+1150000+1000000+2000000+2000000+4000000 -> 10551025 | P30: =541835+5401+4913+10835+11267+26282 -> 600533 | Q30: =O30+P30 -> 11151558 | R30: =R29-O30 -> 2.0403749e+08 | S30: 338 | T30: 3/5 1,150,000원, 3/8 1,000,000원, 3/15 2,000,000원, 3/18 2,000,000원, 3/31 4,000,000원
C31: 23 | D31: 44287 | E31: =IFERROR(ABS(PPMT($E$3/12,$C31,$F$4,$E$2)),0) -> 469204.2 | F31: =IF(E31>0,G31-E31,0) -> 631177.5 | G31: =IF(E31>0,$E$2*$E$3/12*(1+$E$3/12)^$F$4/((1+$E$3/12)^$F$4-1),0) -> 1100381.7 | H31: =H30-E31 -> 2.4950208e+08 | I31: =$F$4-C31 -> 337 | M31: 23 | N31: 44287 | O31: =382985+2000000+2000000+2000000+1154504+500000 -> 8037489 | P31: =515194+9147+10732+12173+7109+3078 -> 557433 | Q31: =O31+P31 -> 8594922 | R31: =R30-O31 -> 1.96e+08 | S31: 337 | T31: 4/8 2,000,000원, 4/19 2,000,000원, 4/20 2,000,000원, 4/30 1,654,504원
C32: 24 | D32: 44317 | E32: =IFERROR(ABS(PPMT($E$3/12,$C32,$F$4,$E$2)),0) -> 470388.94 | F32: =IF(E32>0,G32-E32,0) -> 629992.76 | G32: =IF(E32>0,$E$2*$E$3/12*(1+$E$3/12)^$F$4/((1+$E$3/12)^$F$4-1),0) -> 1100381.7 | H32: =H31-E32 -> 2.4903169e+08 | I32: =$F$4-C32 -> 336 | M32: 24 | N32: 44317 | O32: =369520+1100000 -> 1469520 | P32: =494899.999999978+5700 -> 500600 | Q32: =O32+P32 -> 1970120 | R32: =R31-O32 -> 1.9453048e+08 | S32: 336 | T32: 5/21 1,110,000원
C33: 25 | D33: 44348 | E33: =IFERROR(ABS(PPMT($E$3/12,$C33,$F$4,$E$2)),0) -> 471576.67 | F33: =IF(E33>0,G33-E33,0) -> 628805.03 | G33: =IF(E33>0,$E$2*$E$3/12*(1+$E$3/12)^$F$4/((1+$E$3/12)^$F$4-1),0) -> 1100381.7 | H33: =H32-E33 -> 2.4856012e+08 | I33: =$F$4-C33 -> 335 | M33: 25 | N33: 44348 | O33: =1700000+3000000+368371 -> 5068371 | P33: =491189+1128+6123+2988+10675 -> 512103 | Q33: =O33+P33 -> 5580474 | R33: =R32-O33 -> 1.8946211e+08 | S33: 335 | T33: 6/13 1,700,000원 6/17 3,000,000원
C34: 26 | D34: 44378 | E34: =IFERROR(ABS(PPMT($E$3/12,$C34,$F$4,$E$2)),0) -> 472767.4 | F34: =IF(E34>0,G34-E34,0) -> 627614.29 | G34: =IF(E34>0,$E$2*$E$3/12*(1+$E$3/12)^$F$4/((1+$E$3/12)^$F$4-1),0) -> 1100381.7 | H34: =H33-E34 -> 2.4808735e+08 | I34: =$F$4-C34 -> 334 | M34: 26 | N34: 44378 | O34: =1250000+357984+1600000 -> 3207984 | P34: =2697+4256+475235+4940+3320 -> 490448 | Q34: =O34+P34 -> 3698432 | R34: =R33-O34 -> 1.8625413e+08 | S34: 334 | T34: 7/1 1,250,000원, 7/30 1,600,000원
C35: 27 | D35: 44409 | E35: =IFERROR(ABS(PPMT($E$3/12,$C35,$F$4,$E$2)),0) -> 473961.14 | F35: =IF(E35>0,G35-E35,0) -> 626420.56 | G35: =IF(E35>0,$E$2*$E$3/12*(1+$E$3/12)^$F$4/((1+$E$3/12)^$F$4-1),0) -> 1100381.7 | H35: =H34-E35 -> 2.4761339e+08 | I35: =$F$4-C35 -> 333 | M35: 27 | N35: 44409 | O35: =550000+355831+1500000 -> 2405831 | P35: =45+1656+470291+2241+4237 -> 478470 | Q35: =O35+P35 -> 2884301 | R35: =R34-O35 -> 1.8384829e+08 | S35: 333 | T35: 8/5 550,000원, 8/23 1,500,000원
C36: 28 | D36: 44440 | E36: =IFERROR(ABS(PPMT($E$3/12,$C36,$F$4,$E$2)),0) -> 475157.89 | F36: =IF(E36>0,G36-E36,0) -> 625223.81 | G36: =IF(E36>0,$E$2*$E$3/12*(1+$E$3/12)^$F$4/((1+$E$3/12)^$F$4-1),0) -> 1100381.7 | H36: =H35-E36 -> 2.4713823e+08 | I36: =$F$4-C36 -> 332 | M36: 28 | N36: 44440 | O36: =352796+2200000 -> 2552796 | P36: =464216+7962 -> 472178 | Q36: =O36+P36 -> 3024974 | R36: =R35-O36 -> 1.812955e+08 | S36: 332 | T36: 9/18 2,220,000원
C37: 29 | D37: 44470 | E37: =IFERROR(ABS(PPMT($E$3/12,$C37,$F$4,$E$2)),0) -> 476357.67 | F37: =IF(E37>0,G37-E37,0) -> 624024.03 | G37: =IF(E37>0,$E$2*$E$3/12*(1+$E$3/12)^$F$4/((1+$E$3/12)^$F$4-1),0) -> 1100381.7 | H37: =H36-E37 -> 2.4666187e+08 | I37: =$F$4-C37 -> 331 | M37: 29 | N37: 44470 | O37: =1700000+346170+2500000 -> 4546170 | P37: =3951+4039+453478+10208 -> 471676 | Q37: =O37+P37 -> 5017846 | R37: =R36-O37 -> 1.7674933e+08 | S37: 331 | T37: 10/3 1,700,000원, 10/29 2,500,000원
C38: 30 | D38: 44501 | E38: =IFERROR(ABS(PPMT($E$3/12,$C38,$F$4,$E$2)),0) -> 477560.47 | F38: =IF(E38>0,G38-E38,0) -> 622821.23 | G38: =IF(E38>0,$E$2*$E$3/12*(1+$E$3/12)^$F$4/((1+$E$3/12)^$F$4-1),0) -> 1100381.7 | H38: =H37-E38 -> 2.4618431e+08 | I38: =$F$4-C38 -> 330 | M38: 30 | N38: 44501 | O38: =342203+1000000+2000000 -> 3342203 | P38: =446292+2735+5902 -> 454929 | Q38: =O38+P38 -> 3797132 | R38: =R37-O38 -> 1.7340713e+08 | S38: 330 | T38: 11/15 1,000,000원, 11/18 2,000,000원
C39: 31 | D39: 44531 | E39: =IFERROR(ABS(PPMT($E$3/12,$C39,$F$4,$E$2)),0) -> 478766.31 | F39: =IF(E39>0,G39-E39,0) -> 621615.39 | G39: =IF(E39>0,$E$2*$E$3/12*(1+$E$3/12)^$F$4/((1+$E$3/12)^$F$4-1),0) -> 1100381.7 | H39: =H38-E39 -> 2.4570555e+08 | I39: =$F$4-C39 -> 329 | M39: 31 | N39: 44531 | O39: =2000000+333344+2000000+350000+1000000+2500000 -> 8183344 | P39: =7775+432802+3516+615+21118+6376 -> 472202 | Q39: =O39+P39 -> 8655546 | R39: =R38-O39 -> 1.6522378e+08 | S39: 329 | T39: 12/1 2,000,000원, 12/6 2,350,000원 12/10 1,000,000원, 12/17 2,500,000원
C40: 32 | D40: 44562 | E40: =IFERROR(ABS(PPMT($E$3/12,$C40,$F$4,$E$2)),0) -> 479975.19 | F40: =IF(E40>0,G40-E40,0) -> 620406.5 | G40: =IF(E40>0,$E$2*$E$3/12*(1+$E$3/12)^$F$4/((1+$E$3/12)^$F$4-1),0) -> 1100381.7 | H40: =H39-E40 -> 2.4522557e+08 | I40: =$F$4-C40 -> 328 | M40: 32 | N40: 44562 | O40: =2000000+318850+3700000+1800000 -> 7818850 | P40: =7263+412140+8181+5406 -> 432990 | Q40: =O40+P40 -> 8251840 | R40: =R39-O40 -> 1.5740493e+08 | S40: 328 | T40: 1/1 2,000,000원, 1/27 3,700,000원, 1/28 1,800,000원
C41: 33 | D41: 44593 | E41: =IFERROR(ABS(PPMT($E$3/12,$C41,$F$4,$E$2)),0) -> 481187.13 | F41: =IF(E41>0,G41-E41,0) -> 619194.57 | G41: =IF(E41>0,$E$2*$E$3/12*(1+$E$3/12)^$F$4/((1+$E$3/12)^$F$4-1),0) -> 1100381.7 | H41: =H40-E41 -> 2.4474438e+08 | I41: =$F$4-C41 -> 327 | M41: 33 | N41: 44593 | O41: =308863+1100000+2200000 -> 3608863 | P41: =397447+2534+5862 -> 405843 | Q41: =O41+P41 -> 4014706 | R41: =R40-O41 -> 1.5379607e+08 | S41: 327 | T41: 2/23 1,100,000원, 2/28 2,200,000원
C42: 34 | D42: 44621 | E42: =IFERROR(ABS(PPMT($E$3/12,$C42,$F$4,$E$2)),0) -> 482402.13 | F42: =IF(E42>0,G42-E42,0) -> 617979.57 | G42: =IF(E42>0,$E$2*$E$3/12*(1+$E$3/12)^$F$4/((1+$E$3/12)^$F$4-1),0) -> 1100381.7 | H42: =H41-E42 -> 2.4426198e+08 | I42: =$F$4-C42 -> 326 | M42: 34 | N42: 44621 | O42: =303139+1100000+6200000 -> 7603139 | P42: =388335+2282+13381 -> 403998 | Q42: =O42+P42 -> 8007137 | R42: =R41-O42 -> 1.4619293e+08 | S42: 326 | T42: 3/30 1,100,000원, 3/31 6,200,000원
C43: 35 | D43: 44652 | E43: =IFERROR(ABS(PPMT($E$3/12,$C43,$F$4,$E$2)),0) -> 483620.2 | F43: =IF(E43>0,G43-E43,0) -> 616761.5 | G43: =IF(E43>0,$E$2*$E$3/12*(1+$E$3/12)^$F$4/((1+$E$3/12)^$F$4-1),0) -> 1100381.7 | H43: =H42-E43 -> 2.4377836e+08 | I43: =$F$4-C43 -> 325 | M43: 35 | N43: 44652 | O43: =289451+200000+1000000+1500000 -> 2989451 | P43: =369137+72+1081+1622 -> 371912 | Q43: =O43+P43 -> 3361363 | R43: =R42-O43 -> 1.4320348e+08 | S43: 325 | T43: 4/5 200,000원, 4/15 2,500,000원
C44: 36 | D44: 44682 | E44: =IFERROR(ABS(PPMT($E$3/12,$C44,$F$4,$E$2)),0) -> 484841.34 | F44: =IF(E44>0,G44-E44,0) -> 615540.36 | G44: =IF(E44>0,$E$2*$E$3/12*(1+$E$3/12)^$F$4/((1+$E$3/12)^$F$4-1),0) -> 1100381.7 | H44: =H43-E44 -> 2.4329352e+08 | I44: =$F$4-C44 -> 324 | M44: 36 | N44: 44682 | O44: =2350000+280138+1000000+1200000+1000000 -> 5830138 | P44: =5072+180+355655+83+298+1328 -> 362616 | Q44: =O44+P44 -> 6192754 | R44: =R43-O44 -> 1.3737334e+08 | S44: 324 | T44: 5/1 2,350,000원, 5/6 1,000,000원, 5/12 1,200,000원, 5/21 1,000,000원
C45: 37 | D45: 44713 | E45: =IFERROR(ABS(PPMT($E$3/12,$C45,$F$4,$E$2)),0) -> 486065.56 | F45: =IF(E45>0,G45-E45,0) -> 614316.14 | G45: =IF(E45>0,$E$2*$E$3/12*(1+$E$3/12)^$F$4/((1+$E$3/12)^$F$4-1),0) -> 1100381.7 | H45: =H44-E45 -> 2.4280745e+08 | I45: =$F$4-C45 -> 323 | M45: 37 | N45: 44713 | O45: =2800000+900000+268858+3000000 -> 6968858 | P45: =6740+448+339797+3735 -> 350720 | Q45: =O45+P45 -> 7319578 | R45: =R44-O45 -> 1.3040448e+08 | S45: 323 | T45: 6/3 2,800,000원. 6/11 900,000원, 6/20 3,000,000원
C46: 38 | D46: 44743 | E46: =IFERROR(ABS(PPMT($E$3/12,$C46,$F$4,$E$2)),0) -> 487292.88 | F46: =IF(E46>0,G46-E46,0) -> 613088.82 | G46: =IF(E46>0,$E$2*$E$3/12*(1+$E$3/12)^$F$4/((1+$E$3/12)^$F$4-1),0) -> 1100381.7 | H46: =H45-E46 -> 2.4232016e+08 | I46: =$F$4-C46 -> 322 | M46: 38 | N46: 44743 | O46: =2400000+256893+1007589+740000+1000000 -> 5404482 | P46: =5379+323211+1421 -> 330011 | Q46: =O46+P46 -> 5734493 | R46: =R45-O46 -> 1.25e+08 | S46: 322 | T46: 7/2 2,400,000원, 7/22 1,007,589원, 7/31 1,000,000원
C47: 39 | D47: 44774 | E47: =IFERROR(ABS(PPMT($E$3/12,$C47,$F$4,$E$2)),0) -> 488523.29 | F47: =IF(E47>0,G47-E47,0) -> 611858.41 | G47: =IF(E47>0,$E$2*$E$3/12*(1+$E$3/12)^$F$4/((1+$E$3/12)^$F$4-1),0) -> 1100381.7 | H47: =H46-E47 -> 2.4183164e+08 | I47: =$F$4-C47 -> 321 | M47: 39 | N47: 44774 | O47: =1000000+249986+1750014 -> 3000000 | P47: =2324+313100+2469 -> 317893 | Q47: =O47+P47 -> 3317893 | R47: =R46-O47 -> 1.22e+08 | S47: 321 | T47: 8/2 1,000,000원, 8/22 1,750,014원
C48: 40 | D48: 44805 | E48: =IFERROR(ABS(PPMT($E$3/12,$C48,$F$4,$E$2)),0) -> 489756.81 | F48: =IF(E48>0,G48-E48,0) -> 610624.89 | G48: =IF(E48>0,$E$2*$E$3/12*(1+$E$3/12)^$F$4/((1+$E$3/12)^$F$4-1),0) -> 1100381.7 | H48: =H47-E48 -> 2.4134188e+08 | I48: =$F$4-C48 -> 320 | M48: 40 | N48: 44805 | O48: =247074+452926 -> 700000 | P48: 308050 | Q48: =O48+P48 -> 1008050 | R48: =R47-O48 -> 1.213e+08 | S48: 320 | T48: 9/5 452,926원
C49: 41 | D49: 44835 | E49: =IFERROR(ABS(PPMT($E$3/12,$C49,$F$4,$E$2)),0) -> 490993.45 | F49: =IF(E49>0,G49-E49,0) -> 609388.25 | G49: =IF(E49>0,$E$2*$E$3/12*(1+$E$3/12)^$F$4/((1+$E$3/12)^$F$4-1),0) -> 1100381.7 | H49: =H48-E49 -> 2.4085089e+08 | I49: =$F$4-C49 -> 319 | M49: 41 | N49: 44835 | O49: =246777+1480000 -> 1726777 | P49: =306282+491 -> 306773 | Q49: =O49+P49 -> 2033550 | R49: =R48-O49 -> 1.1957322e+08 | S49: 319 | T49: 10/5 1,480,000원
C50: 42 | D50: 44866 | E50: =IFERROR(ABS(PPMT($E$3/12,$C50,$F$4,$E$2)),0) -> 492233.21 | F50: =IF(E50>0,G50-E50,0) -> 608148.49 | G50: =IF(E50>0,$E$2*$E$3/12*(1+$E$3/12)^$F$4/((1+$E$3/12)^$F$4-1),0) -> 1100381.7 | H50: =H49-E50 -> 2.4035865e+08 | I50: =$F$4-C50 -> 318 | M50: 42 | N50: 44866 | O50: 244374.9 | P50: 301922.39 | Q50: 546297.29 | R50: 1.1932885e+08 | S50: 318
C51: 43 | D51: 44896 | E51: =IFERROR(ABS(PPMT($E$3/12,$C51,$F$4,$E$2)),0) -> 493476.09 | F51: =IF(E51>0,G51-E51,0) -> 606905.6 | G51: =IF(E51>0,$E$2*$E$3/12*(1+$E$3/12)^$F$4/((1+$E$3/12)^$F$4-1),0) -> 1100381.7 | H51: =H50-E51 -> 2.3986518e+08 | I51: =$F$4-C51 -> 317 | M51: 43 | N51: 44896 | O51: 244991.94 | P51: 301305.34 | Q51: 546297.29 | R51: 1.1908386e+08 | S51: 317
C52: 44 | D52: 44927 | E52: =IFERROR(ABS(PPMT($E$3/12,$C52,$F$4,$E$2)),0) -> 494722.12 | F52: =IF(E52>0,G52-E52,0) -> 605659.58 | G52: =IF(E52>0,$E$2*$E$3/12*(1+$E$3/12)^$F$4/((1+$E$3/12)^$F$4-1),0) -> 1100381.7 | H52: =H51-E52 -> 2.3937046e+08 | I52: =$F$4-C52 -> 316 | M52: 44 | N52: 44927 | O52: 245610.55 | P52: 300686.74 | Q52: 546297.29 | R52: 1.1883825e+08 | S52: 316
C53: 45 | D53: 44958 | E53: =IFERROR(ABS(PPMT($E$3/12,$C53,$F$4,$E$2)),0) -> 495971.3 | F53: =IF(E53>0,G53-E53,0) -> 604410.4 | G53: =IF(E53>0,$E$2*$E$3/12*(1+$E$3/12)^$F$4/((1+$E$3/12)^$F$4-1),0) -> 1100381.7 | H53: =H52-E53 -> 2.3887449e+08 | I53: =$F$4-C53 -> 315 | M53: 45 | N53: 44958 | O53: 246230.72 | P53: 300066.57 | Q53: 546297.29 | R53: 1.1859202e+08 | S53: 315
C54: 46 | D54: 44986 | E54: =IFERROR(ABS(PPMT($E$3/12,$C54,$F$4,$E$2)),0) -> 497223.62 | F54: =IF(E54>0,G54-E54,0) -> 603158.08 | G54: =IF(E54>0,$E$2*$E$3/12*(1+$E$3/12)^$F$4/((1+$E$3/12)^$F$4-1),0) -> 1100381.7 | H54: =H53-E54 -> 2.3837726e+08 | I54: =$F$4-C54 -> 314 | M54: 46 | N54: 44986 | O54: 246852.45 | P54: 299444.84 | Q54: 546297.29 | R54: 1.1834516e+08 | S54: 314
C55: 47 | D55: 45017 | E55: =IFERROR(ABS(PPMT($E$3/12,$C55,$F$4,$E$2)),0) -> 498479.11 | F55: =IF(E55>0,G55-E55,0) -> 601902.59 | G55: =IF(E55>0,$E$2*$E$3/12*(1+$E$3/12)^$F$4/((1+$E$3/12)^$F$4-1),0) -> 1100381.7 | H55: =H54-E55 -> 2.3787878e+08 | I55: =$F$4-C55 -> 313 | M55: 47 | N55: 45017 | O55: 247475.75 | P55: 298821.54 | Q55: 546297.29 | R55: 1.1809769e+08 | S55: 313
C56: 48 | D56: 45047 | E56: =IFERROR(ABS(PPMT($E$3/12,$C56,$F$4,$E$2)),0) -> 499737.77 | F56: =IF(E56>0,G56-E56,0) -> 600643.93 | G56: =IF(E56>0,$E$2*$E$3/12*(1+$E$3/12)^$F$4/((1+$E$3/12)^$F$4-1),0) -> 1100381.7 | H56: =H55-E56 -> 2.3737904e+08 | I56: =$F$4-C56 -> 312 | M56: 48 | N56: 45047 | O56: 248100.63 | P56: 298196.66 | Q56: 546297.29 | R56: 1.1784959e+08 | S56: 312
C57: 49 | D57: 45078 | E57: =IFERROR(ABS(PPMT($E$3/12,$C57,$F$4,$E$2)),0) -> 500999.61 | F57: =IF(E57>0,G57-E57,0) -> 599382.09 | G57: =IF(E57>0,$E$2*$E$3/12*(1+$E$3/12)^$F$4/((1+$E$3/12)^$F$4-1),0) -> 1100381.7 | H57: =H56-E57 -> 2.3687805e+08 | I57: =$F$4-C57 -> 311 | M57: 49 | N57: 45078 | O57: 248727.08 | P57: 297570.21 | Q57: 546297.29 | R57: 1.1760086e+08 | S57: 311
C58: 50 | D58: 45108 | E58: =IFERROR(ABS(PPMT($E$3/12,$C58,$F$4,$E$2)),0) -> 502264.63 | F58: =IF(E58>0,G58-E58,0) -> 598117.06 | G58: =IF(E58>0,$E$2*$E$3/12*(1+$E$3/12)^$F$4/((1+$E$3/12)^$F$4-1),0) -> 1100381.7 | H58: =H57-E58 -> 2.3637578e+08 | I58: =$F$4-C58 -> 310 | M58: 50 | N58: 45108 | O58: 249355.12 | P58: 296942.17 | Q58: 546297.29 | R58: 1.173515e+08 | S58: 310
C59: 51 | D59: 45139 | E59: =IFERROR(ABS(PPMT($E$3/12,$C59,$F$4,$E$2)),0) -> 503532.85 | F59: =IF(E59>0,G59-E59,0) -> 596848.85 | G59: =IF(E59>0,$E$2*$E$3/12*(1+$E$3/12)^$F$4/((1+$E$3/12)^$F$4-1),0) -> 1100381.7 | H59: =H58-E59 -> 2.3587225e+08 | I59: =$F$4-C59 -> 309 | M59: 51 | N59: 45139 | O59: 249984.74 | P59: 296312.55 | Q59: 546297.29 | R59: 1.1710152e+08 | S59: 309
C60: 52 | D60: 45170 | E60: =IFERROR(ABS(PPMT($E$3/12,$C60,$F$4,$E$2)),0) -> 504804.27 | F60: =IF(E60>0,G60-E60,0) -> 595577.43 | G60: =IF(E60>0,$E$2*$E$3/12*(1+$E$3/12)^$F$4/((1+$E$3/12)^$F$4-1),0) -> 1100381.7 | H60: =H59-E60 -> 2.3536744e+08 | I60: =$F$4-C60 -> 308 | M60: 52 | N60: 45170 | O60: 250615.95 | P60: 295681.34 | Q60: 546297.29 | R60: 1.168509e+08 | S60: 308
C61: 53 | D61: 45200 | E61: =IFERROR(ABS(PPMT($E$3/12,$C61,$F$4,$E$2)),0) -> 506078.9 | F61: =IF(E61>0,G61-E61,0) -> 594302.79 | G61: =IF(E61>0,$E$2*$E$3/12*(1+$E$3/12)^$F$4/((1+$E$3/12)^$F$4-1),0) -> 1100381.7 | H61: =H60-E61 -> 2.3486136e+08 | I61: =$F$4-C61 -> 307 | M61: 53 | N61: 45200 | O61: 251248.75 | P61: 295048.53 | Q61: 546297.29 | R61: 1.1659965e+08 | S61: 307
... C368: 360 | D368: 54544 | E368: =IFERROR(ABS(PPMT($E$3/12,$C368,$F$4,$E$2)),0) -> 1097610.2 | F368: =IF(E368>0,G368-E368,0) -> 2771.4658 | G368: =IF(E368>0,$E$2*$E$3/12*(1+$E$3/12)^$F$4/((1+$E$3/12)^$F$4-1),0) -> 1100381.7 | H368: =H367-E368 -> 1.1624303e-05 | I368: =$F$4-C368 -> 0 | M368: 360 | N368: 54544 | O368: 544921.36 | P368: 1375.9264 | Q368: 546297.29 | R368: 7.06641e-08 | S368: 0

Sheet 주담대_이자율계산
C2: 대출액 | E2: 1.1957322e+08
C3: 이율(%) | E3: 0.0303
C4: 상환기간(개월) | E4: 319
C5: 총 대출이자 | E5: =G9*E4-E2 -> 54695611
C6: 월평균상환액 | E6: =G9 -> 546297.29
C8: 회차 | D8: 변환회차 | E8: 원금 | F8: 이자 | G8: 월불입금 | H8: 잔액 | I8: 잔여기간
C9: 1 | D9: =360-E4+1 -> 42 | E9: =IFERROR(ABS(PPMT($E$3/12,$C9,$E$4,$E$2)),0) -> 244374.9 | F9: =IF(E9>0,G9-E9,0) -> 301922.39 | G9: =IF(E9>0,$E$2*$E$3/12*(1+$E$3/12)^$E$4/((1+$E$3/12)^$E$4-1),0) -> 546297.29 | H9: =$E$2-E9 -> 1.1932885e+08 | I9: =$E$4-C9 -> 318
C10: =C9+1 -> 2 | D10: =D9+1 -> 43 | E10: =IFERROR(ABS(PPMT($E$3/12,$C10,$E$4,$E$2)),0) -> 244991.94 | F10: =IF(E10>0,G10-E10,0) -> 301305.34 | G10: =IF(E10>0,$E$2*$E$3/12*(1+$E$3/12)^$E$4/((1+$E$3/12)^$E$4-1),0) -> 546297.29 | H10: =H9-E10 -> 1.1908386e+08 | I10: =$E$4-C10 -> 317
C11: =C10+1 -> 3 | D11: =D10+1 -> 44 | E11: =IFERROR(ABS(PPMT($E$3/12,$C11,$E$4,$E$2)),0) -> 245610.55 | F11: =IF(E11>0,G11-E11,0) -> 300686.74 | G11: =IF(E11>0,$E$2*$E$3/12*(1+$E$3/12)^$E$4/((1+$E$3/12)^$E$4-1),0) -> 546297.29 | H11: =H10-E11 -> 1.1883825e+08 | I11: =$E$4-C11 -> 316
C12: =C11+1 -> 4 | D12: =D11+1 -> 45 | E12: =IFERROR(ABS(PPMT($E$3/12,$C12,$E$4,$E$2)),0) -> 246230.72 | F12: =IF(E12>0,G12-E12,0) -> 300066.57 | G12: =IF(E12>0,$E$2*$E$3/12*(1+$E$3/12)^$E$4/((1+$E$3/12)^$E$4-1),0) -> 546297.29 | H12: =H11-E12 -> 118592015 | I12: =$E$4-C12 -> 315
C13: =C12+1 -> 5 | D13: =D12+1 -> 46 | E13: =IFERROR(ABS(PPMT($E$3/12,$C13,$E$4,$E$2)),0) -> 246852.45 | F13: =IF(E13>0,G13-E13,0) -> 299444.84 | G13: =IF(E13>0,$E$2*$E$3/12*(1+$E$3/12)^$E$4/((1+$E$3/12)^$E$4-1),0) -> 546297.29 | H13: =H12-E13 -> 1.1834516e+08 | I13: =$E$4-C13 -> 314
C14: =C13+1 -> 6 | D14: =D13+1 -> 47 | E14: =IFERROR(ABS(PPMT($E$3/12,$C14,$E$4,$E$2)),0) -> 247475.75 | F14: =IF(E14>0,G14-E14,0) -> 298821.54 | G14: =IF(E14>0,$E$2*$E$3/12*(1+$E$3/12)^$E$4/((1+$E$3/12)^$E$4-1),0) -> 546297.29 | H14: =H13-E14 -> 1.1809769e+08 | I14: =$E$4-C14 -> 313
C15: =C14+1 -> 7 | D15: =D14+1 -> 48 | E15: =IFERROR(ABS(PPMT($E$3/12,$C15,$E$4,$E$2)),0) -> 248100.63 | F15: =IF(E15>0,G15-E15,0) -> 298196.66 | G15: =IF(E15>0,$E$2*$E$3/12*(1+$E$3/12)^$E$4/((1+$E$3/12)^$E$4-1),0) -> 546297.29 | H15: =H14-E15 -> 1.1784959e+08 | I15: =$E$4-C15 -> 312
C16: =C15+1 -> 8 | D16: =D15+1 -> 49 | E16: =IFERROR(ABS(PPMT($E$3/12,$C16,$E$4,$E$2)),0) -> 248727.08 | F16: =IF(E16>0,G16-E16,0) -> 297570.21 | G16: =IF(E16>0,$E$2*$E$3/12*(1+$E$3/12)^$E$4/((1+$E$3/12)^$E$4-1),0) -> 546297.29 | H16: =H15-E16 -> 1.1760086e+08 | I16: =$E$4-C16 -> 311
C17: =C16+1 -> 9 | D17: =D16+1 -> 50 | E17: =IFERROR(ABS(PPMT($E$3/12,$C17,$E$4,$E$2)),0) -> 249355.12 | F17: =IF(E17>0,G17-E17,0) -> 296942.17 | G17: =IF(E17>0,$E$2*$E$3/12*(1+$E$3/12)^$E$4/((1+$E$3/12)^$E$4-1),0) -> 546297.29 | H17: =H16-E17 -> 117351504 | I17: =$E$4-C17 -> 310
C18: =C17+1 -> 10 | D18: =D17+1 -> 51 | E18: =IFERROR(ABS(PPMT($E$3/12,$C18,$E$4,$E$2)),0) -> 249984.74 | F18: =IF(E18>0,G18-E18,0) -> 296312.55 | G18: =IF(E18>0,$E$2*$E$3/12*(1+$E$3/12)^$E$4/((1+$E$3/12)^$E$4-1),0) -> 546297.29 | H18: =H17-E18 -> 1.1710152e+08 | I18: =$E$4-C18 -> 309
C19: =C18+1 -> 11 | D19: =D18+1 -> 52 | E19: =IFERROR(ABS(PPMT($E$3/12,$C19,$E$4,$E$2)),0) -> 250615.95 | F19: =IF(E19>0,G19-E19,0) -> 295681.34 | G19: =IF(E19>0,$E$2*$E$3/12*(1+$E$3/12)^$E$4/((1+$E$3/12)^$E$4-1),0) -> 546297.29 | H19: =H18-E19 -> 1.168509e+08 | I19: =$E$4-C19 -> 308
C20: =C19+1 -> 12 | D20: =D19+1 -> 53 | E20: =IFERROR(ABS(PPMT($E$3/12,$C20,$E$4,$E$2)),0) -> 251248.75 | F20: =IF(E20>0,G20-E20,0) -> 295048.53 | G20: =IF(E20>0,$E$2*$E$3/12*(1+$E$3/12)^$E$4/((1+$E$3/12)^$E$4-1),0) -> 546297.29 | H20: =H19-E20 -> 1.1659965e+08 | I20: =$E$4-C20 -> 307
C21: =C20+1 -> 13 | D21: =D20+1 -> 54 | E21: =IFERROR(ABS(PPMT($E$3/12,$C21,$E$4,$E$2)),0) -> 251883.16 | F21: =IF(E21>0,G21-E21,0) -> 294414.13 | G21: =IF(E21>0,$E$2*$E$3/12*(1+$E$3/12)^$E$4/((1+$E$3/12)^$E$4-1),0) -> 546297.29 | H21: =H20-E21 -> 1.1634777e+08 | I21: =$E$4-C21 -> 306
... C330: =C329+1 -> 322 | D330: =D329+1 -> 363 | E330: =IFERROR(ABS(PPMT($E$3/12,$C330,$E$4,$E$2)),0) -> 0 | F330: =IF(E330>0,G330-E330,0) -> 0 | G330: =IF(E330>0,$E$2*$E$3/12*(1+$E$3/12)^$E$4/((1+$E$3/12)^$E$4-1),0) -> 0 | H330: =H329-E330 -> 5.2866526e-06 | I330: =$E$4-C330 -> -3

Sheet info
A2: 1. 지출분류
B3: no. | C3: 분류 | D3: 변동비 구분 | E3: 고정비 구분 | F3: 여행/공연비 구분 | G3: 저축/대출상환
B4: 1 | C4: 변동비 | D4: 식비 | E4: 경조사비 | F4: 문화생활 | G4: 주택담보대출 원금
B5: 2 | C5: 고정비 | D5: 외식비 | E5: 관리비 | F5: 국내여행 | G5: 신용대출 원금
B6: 3 | C6: 여행공연비 | D6: 의류 | E6: 교통비 | F6: 해외여행
B7: 4 | C7: 대출상환 | D7: 모임비 | E7: 렌탈비
B8: 5 | D8: 출근식대 | E8: 문경
B9: 6 | D9: 커피 | E9: 미용
B10: 7 | D10: 담배 | E10: 비품 및 수선유지비
B11: 8 | D11: 기타구매 | E11: 세금
B12: 9 | E12: 신용대출 이자
B13: 10 | E13: 예비비
B14: 11 | E14: 취미
B15: 12 | E15: 보험
B16: 13 | E16: 자동차운행
B17: 14 | E17: 주택담보대출 이자
B18: 15 | E18: 통신비
B19: 16 | E19: 의료/건강
B20: 17 | E20: 브랜디식대
B21: 18 | E21: 교육비
B22: 19
B23: 20

Sheet 신용_이자율계산
B2: 대출액 | C2: 28880000 | D2: =C2 -> 28880000 | G2: 대출액 | H2: 36000000 | I2: =H2 -> 36000000
B3: 이율(%) | C3: 0.0271 | G3: 이율(%) | H3: 0.027
B4: 상환기간(년) | C4: 1 | D4: =C4*12 -> 12 | G4: 상환기간(년) | H4: 3 | I4: =H4*12 -> 36
B5: 총 대출이자 | C5: =E9*D4-C2 -> 425687.54 | G5: 총 대출이자 | H5: =J9*I4-H2 -> 1518143.6 | I5: 7359668 | J5: =H5-I5 -> -5841524.4
B6: 월평균상환액 | C6: =E9 -> 2442140.6 | G6: 월평균상환액 | H6: =J9 -> 1042170.7
B8: 회차 | C8: 원금 | D8: 이자 | E8: 월불입금 | G8: 회차 | H8: 원금 | I8: 이자 | J8: 월불입금
B9: 1 | C9: =IFERROR(ABS(PPMT($C$3/12,$B9,$D$4,$C$2)),0) -> 2376920 | D9: =IF(C9>0,E9-C9,0) -> 65220.667 | E9: =IF(C9>0,$C$2*$C$3/12*(1+$C$3/12)^$D$4/((1+$C$3/12)^$D$4-1),0) -> 2442140.6 | G9: 1 | H9: =IFERROR(ABS(PPMT($H$3/12,$G9,$I$4,$H$2)),0) -> 961170.65 | I9: =IF(H9>0,J9-H9,0) -> 81000 | J9: =IF(H9>0,$H$2*$H$3/12*(1+$H$3/12)^$I$4/((1+$H$3/12)^$I$4-1),0) -> 1042170.7
B10: 2 | C10: =IFERROR(ABS(PPMT($C$3/12,$B10,$D$4,$C$2)),0) -> 2382287.8 | D10: =IF(C10>0,E10-C10,0) -> 59852.789 | E10: =IF(C10>0,$C$2*$C$3/12*(1+$C$3/12)^$D$4/((1+$C$3/12)^$D$4-1),0) -> 2442140.6 | G10: 2 | H10: =IFERROR(ABS(PPMT($H$3/12,$G10,$I$4,$H$2)),0) -> 963333.29 | I10: =IF(H10>0,J10-H10,0) -> 78837.366 | J10: =IF(H10>0,$H$2*$H$3/12*(1+$H$3/12)^$I$4/((1+$H$3/12)^$I$4-1),0) -> 1042170.7
B11: 3 | C11: =IFERROR(ABS(PPMT($C$3/12,$B11,$D$4,$C$2)),0) -> 2387667.8 | D11: =IF(C11>0,E11-C11,0) -> 54472.789 | E11: =IF(C11>0,$C$2*$C$3/12*(1+$C$3/12)^$D$4/((1+$C$3/12)^$D$4-1),0) -> 2442140.6 | G11: 3 | H11: =IFERROR(ABS(PPMT($H$3/12,$G11,$I$4,$H$2)),0) -> 965500.79 | I11: =IF(H11>0,J11-H11,0) -> 76669.866 | J11: =IF(H11>0,$H$2*$H$3/12*(1+$H$3/12)^$I$4/((1+$H$3/12)^$I$4-1),0) -> 1042170.7
B12: 4 | C12: =IFERROR(ABS(PPMT($C$3/12,$B12,$D$4,$C$2)),0) -> 2393060 | D12: =IF(C12>0,E12-C12,0) -> 49080.639 | E12: =IF(C12>0,$C$2*$C$3/12*(1+$C$3/12)^$D$4/((1+$C$3/12)^$D$4-1),0) -> 2442140.6 | G12: 4 | H12: =IFERROR(ABS(PPMT($H$3/12,$G12,$I$4,$H$2)),0) -> 967673.17 | I12: =IF(H12>0,J12-H12,0) -> 74497.489 | J12: =IF(H12>0,$H$2*$H$3/12*(1+$H$3/12)^$I$4/((1+$H$3/12)^$I$4-1),0) -> 1042170.7
B13: 5 | C13: =IFERROR(ABS(PPMT($C$3/12,$B13,$D$4,$C$2)),0) -> 2398464.3 | D13: =IF(C13>0,E13-C13,0) -> 43676.312 | E13: =IF(C13>0,$C$2*$C$3/12*(1+$C$3/12)^$D$4/((1+$C$3/12)^$D$4-1),0) -> 2442140.6 | G13: 5 | H13: =IFERROR(ABS(PPMT($H$3/12,$G13,$I$4,$H$2)),0) -> 969850.43 | I13: =IF(H13>0,J13-H13,0) -> 72320.225 | J13: =IF(H13>0,$H$2*$H$3/12*(1+$H$3/12)^$I$4/((1+$H$3/12)^$I$4-1),0) -> 1042170.7
B14: 6 | C14: =IFERROR(ABS(PPMT($C$3/12,$B14,$D$4,$C$2)),0) -> 2403880.8 | D14: =IF(C14>0,E14-C14,0) -> 38259.78 | E14: =IF(C14>0,$C$2*$C$3/12*(1+$C$3/12)^$D$4/((1+$C$3/12)^$D$4-1),0) -> 2442140.6 | G14: 6 | H14: =IFERROR(ABS(PPMT($H$3/12,$G14,$I$4,$H$2)),0) -> 972032.59 | I14: =IF(H14>0,J14-H14,0) -> 70138.061 | J14: =IF(H14>0,$H$2*$H$3/12*(1+$H$3/12)^$I$4/((1+$H$3/12)^$I$4-1),0) -> 1042170.7
B15: 7 | C15: =IFERROR(ABS(PPMT($C$3/12,$B15,$D$4,$C$2)),0) -> 2409309.6 | D15: =IF(C15>0,E15-C15,0) -> 32831.016 | E15: =IF(C15>0,$C$2*$C$3/12*(1+$C$3/12)^$D$4/((1+$C$3/12)^$D$4-1),0) -> 2442140.6 | G15: 12 | H15: =IFERROR(ABS(PPMT($H$3/12,$G15,$I$4,$H$2)),0) -> 985229.07 | I15: =IF(H15>0,J15-H15,0) -> 56941.586 | J15: =IF(H15>0,$H$2*$H$3/12*(1+$H$3/12)^$I$4/((1+$H$3/12)^$I$4-1),0) -> 1042170.7
B16: 8 | C16: =IFERROR(ABS(PPMT($C$3/12,$B16,$D$4,$C$2)),0) -> 2414750.6 | D16: =IF(C16>0,E16-C16,0) -> 27389.992 | E16: =IF(C16>0,$C$2*$C$3/12*(1+$C$3/12)^$D$4/((1+$C$3/12)^$D$4-1),0) -> 2442140.6 | G16: =12*2 -> 24 | H16: =IFERROR(ABS(PPMT($H$3/12,$G16,$I$4,$H$2)),0) -> 1012161.9 | I16: =IF(H16>0,J16-H16,0) -> 30008.73 | J16: =IF(H16>0,$H$2*$H$3/12*(1+$H$3/12)^$I$4/((1+$H$3/12)^$I$4-1),0) -> 1042170.7
B17: 9 | C17: =IFERROR(ABS(PPMT($C$3/12,$B17,$D$4,$C$2)),0) -> 2420203.9 | D17: =IF(C17>0,E17-C17,0) -> 21936.68 | E17: =IF(C17>0,$C$2*$C$3/12*(1+$C$3/12)^$D$4/((1+$C$3/12)^$D$4-1),0) -> 2442140.6 | G17: =12*3 -> 36 | H17: =IFERROR(ABS(PPMT($H$3/12,$G17,$I$4,$H$2)),0) -> 1039831 | I17: =IF(H17>0,J17-H17,0) -> 2339.6198 | J17: =IF(H17>0,$H$2*$H$3/12*(1+$H$3/12)^$I$4/((1+$H$3/12)^$I$4-1),0) -> 1042170.7
B18: 10 | C18: =IFERROR(ABS(PPMT($C$3/12,$B18,$D$4,$C$2)),0) -> 2425669.6 | D18: =IF(C18>0,E18-C18,0) -> 16471.053 | E18: =IF(C18>0,$C$2*$C$3/12*(1+$C$3/12)^$D$4/((1+$C$3/12)^$D$4-1),0) -> 2442140.6 | G18: =12*4 -> 48 | H18: =IFERROR(ABS(PPMT($H$3/12,$G18,$I$4,$H$2)),0) -> 0 | I18: =IF(H18>0,J18-H18,0) -> 0 | J18: =IF(H18>0,$H$2*$H$3/12*(1+$H$3/12)^$I$4/((1+$H$3/12)^$I$4-1),0) -> 0
B19: 11 | C19: =IFERROR(ABS(PPMT($C$3/12,$B19,$D$4,$C$2)),0) -> 2431147.5 | D19: =IF(C19>0,E19-C19,0) -> 10993.082 | E19: =IF(C19>0,$C$2*$C$3/12*(1+$C$3/12)^$D$4/((1+$C$3/12)^$D$4-1),0) -> 2442140.6 | G19: =12*5 -> 60 | H19: =IFERROR(ABS(PPMT($H$3/12,$G19,$I$4,$H$2)),0) -> 0 | I19: =IF(H19>0,J19-H19,0) -> 0 | J19: =IF(H19>0,$H$2*$H$3/12*(1+$H$3/12)^$I$4/((1+$H$3/12)^$I$4-1),0) -> 0
B20: 12 | C20: =IFERROR(ABS(PPMT($C$3/12,$B20,$D$4,$C$2)),0) -> 2436637.9 | D20: =IF(C20>0,E20-C20,0) -> 5502.7406 | E20: =IF(C20>0,$C$2*$C$3/12*(1+$C$3/12)^$D$4/((1+$C$3/12)^$D$4-1),0) -> 2442140.6 | G20: =12*6 -> 72 | H20: =IFERROR(ABS(PPMT($H$3/12,$G20,$I$4,$H$2)),0) -> 0 | I20: =IF(H20>0,J20-H20,0) -> 0 | J20: =IF(H20>0,$H$2*$H$3/12*(1+$H$3/12)^$I$4/((1+$H$3/12)^$I$4-1),0) -> 0
B21: 13 | C21: =IFERROR(ABS(PPMT($C$3/12,$B21,$D$4,$C$2)),0) -> 0 | D21: =IF(C21>0,E21-C21,0) -> 0 | E21: =IF(C21>0,$C$2*$C$3/12*(1+$C$3/12)^$D$4/((1+$C$3/12)^$D$4-1),0) -> 0 | G21: =12*7 -> 84 | H21: =IFERROR(ABS(PPMT($H$3/12,$G21,$I$4,$H$2)),0) -> 0 | I21: =IF(H21>0,J21-H21,0) -> 0 | J21: =IF(H21>0,$H$2*$H$3/12*(1+$H$3/12)^$I$4/((1+$H$3/12)^$I$4-1),0) -> 0
B22: 14 | C22: =IFERROR(ABS(PPMT($C$3/12,$B22,$D$4,$C$2)),0) -> 0 | D22: =IF(C22>0,E22-C22,0) -> 0 | E22: =IF(C22>0,$C$2*$C$3/12*(1+$C$3/12)^$D$4/((1+$C$3/12)^$D$4-1),0) -> 0 | G22: =12*8 -> 96 | H22: =IFERROR(ABS(PPMT($H$3/12,$G22,$I$4,$H$2)),0) -> 0 | I22: =IF(H22>0,J22-H22,0) -> 0 | J22: =IF(H22>0,$H$2*$H$3/12*(1+$H$3/12)^$I$4/((1+$H$3/12)^$I$4-1),0) -> 0
B23: 15 | C23: =IFERROR(ABS(PPMT($C$3/12,$B23,$D$4,$C$2)),0) -> 0 | D23: =IF(C23>0,E23-C23,0) -> 0 | E23: =IF(C23>0,$C$2*$C$3/12*(1+$C$3/12)^$D$4/((1+$C$3/12)^$D$4-1),0) -> 0 | G23: =12*9 -> 108 | H23: =IFERROR(ABS(PPMT($H$3/12,$G23,$I$4,$H$2)),0) -> 0 | I23: =IF(H23>0,J23-H23,0) -> 0 | J23: =IF(H23>0,$H$2*$H$3/12*(1+$H$3/12)^$I$4/((1+$H$3/12)^$I$4-1),0) -> 0
B24: 16 | C24: =IFERROR(ABS(PPMT($C$3/12,$B24,$D$4,$C$2)),0) -> 0 | D24: =IF(C24>0,E24-C24,0) -> 0 | E24: =IF(C24>0,$C$2*$C$3/12*(1+$C$3/12)^$D$4/((1+$C$3/12)^$D$4-1),0) -> 0 | G24: =12*10 -> 120 | H24: =IFERROR(ABS(PPMT($H$3/12,$G24,$I$4,$H$2)),0) -> 0 | I24: =IF(H24>0,J24-H24,0) -> 0 | J24: =IF(H24>0,$H$2*$H$3/12*(1+$H$3/12)^$I$4/((1+$H$3/12)^$I$4-1),0) -> 0
B25: 17 | C25: =IFERROR(ABS(PPMT($C$3/12,$B25,$D$4,$C$2)),0) -> 0 | D25: =IF(C25>0,E25-C25,0) -> 0 | E25: =IF(C25>0,$C$2*$C$3/12*(1+$C$3/12)^$D$4/((1+$C$3/12)^$D$4-1),0) -> 0 | G25: =12*12 -> 144 | H25: =IFERROR(ABS(PPMT($H$3/12,$G25,$I$4,$H$2)),0) -> 0 | I25: =IF(H25>0,J25-H25,0) -> 0 | J25: =IF(H25>0,$H$2*$H$3/12*(1+$H$3/12)^$I$4/((1+$H$3/12)^$I$4-1),0) -> 0
B26: 18 | C26: =IFERROR(ABS(PPMT($C$3/12,$B26,$D$4,$C$2)),0) -> 0 | D26: =IF(C26>0,E26-C26,0) -> 0 | E26: =IF(C26>0,$C$2*$C$3/12*(1+$C$3/12)^$D$4/((1+$C$3/12)^$D$4-1),0) -> 0 | G26: =12*15 -> 180 | H26: =IFERROR(ABS(PPMT($H$3/12,$G26,$I$4,$H$2)),0) -> 0 | I26: =IF(H26>0,J26-H26,0) -> 0 | J26: =IF(H26>0,$H$2*$H$3/12*(1+$H$3/12)^$I$4/((1+$H$3/12)^$I$4-1),0) -> 0
B27: 19 | C27: =IFERROR(ABS(PPMT($C$3/12,$B27,$D$4,$C$2)),0) -> 0 | D27: =IF(C27>0,E27-C27,0) -> 0 | E27: =IF(C27>0,$C$2*$C$3/12*(1+$C$3/12)^$D$4/((1+$C$3/12)^$D$4-1),0) -> 0
B28: 20 | C28: =IFERROR(ABS(PPMT($C$3/12,$B28,$D$4,$C$2)),0) -> 0 | D28: =IF(C28>0,E28-C28,0) -> 0 | E28: =IF(C28>0,$C$2*$C$3/12*(1+$C$3/12)^$D$4/((1+$C$3/12)^$D$4-1),0) -> 0
B29: 21 | C29: =IFERROR(ABS(PPMT($C$3/12,$B29,$D$4,$C$2)),0) -> 0 | D29: =IF(C29>0,E29-C29,0) -> 0 | E29: =IF(C29>0,$C$2*$C$3/12*(1+$C$3/12)^$D$4/((1+$C$3/12)^$D$4-1),0) -> 0
B30: 22 | C30: =IFERROR(ABS(PPMT($C$3/12,$B30,$D$4,$C$2)),0) -> 0 | D30: =IF(C30>0,E30-C30,0) -> 0 | E30: =IF(C30>0,$C$2*$C$3/12*(1+$C$3/12)^$D$4/((1+$C$3/12)^$D$4-1),0) -> 0
B31: 23 | C31: =IFERROR(ABS(PPMT($C$3/12,$B31,$D$4,$C$2)),0) -> 0 | D31: =IF(C31>0,E31-C31,0) -> 0 | E31: =IF(C31>0,$C$2*$C$3/12*(1+$C$3/12)^$D$4/((1+$C$3/12)^$D$4-1),0) -> 0
B32: 24 | C32: =IFERROR(ABS(PPMT($C$3/12,$B32,$D$4,$C$2)),0) -> 0 | D32: =IF(C32>0,E32-C32,0) -> 0 | E32: =IF(C32>0,$C$2*$C$3/12*(1+$C$3/12)^$D$4/((1+$C$3/12)^$D$4-1),0) -> 0
B33: 25 | C33: =IFERROR(ABS(PPMT($C$3/12,$B33,$D$4,$C$2)),0) -> 0 | D33: =IF(C33>0,E33-C33,0) -> 0 | E33: =IF(C33>0,$C$2*$C$3/12*(1+$C$3/12)^$D$4/((1+$C$3/12)^$D$4-1),0) -> 0
B34: 26 | C34: =IFERROR(ABS(PPMT($C$3/12,$B34,$D$4,$C$2)),0) -> 0 | D34: =IF(C34>0,E34-C34,0) -> 0 | E34: =IF(C34>0,$C$2*$C$3/12*(1+$C$3/12)^$D$4/((1+$C$3/12)^$D$4-1),0) -> 0
B35: 27 | C35: =IFERROR(ABS(PPMT($C$3/12,$B35,$D$4,$C$2)),0) -> 0 | D35: =IF(C35>0,E35-C35,0) -> 0 | E35: =IF(C35>0,$C$2*$C$3/12*(1+$C$3/12)^$D$4/((1+$C$3/12)^$D$4-1),0) -> 0
B36: 28 | C36: =IFERROR(ABS(PPMT($C$3/12,$B36,$D$4,$C$2)),0) -> 0 | D36: =IF(C36>0,E36-C36,0) -> 0 | E36: =IF(C36>0,$C$2*$C$3/12*(1+$C$3/12)^$D$4/((1+$C$3/12)^$D$4-1),0) -> 0
B37: 29 | C37: =IFERROR(ABS(PPMT($C$3/12,$B37,$D$4,$C$2)),0) -> 0 | D37: =IF(C37>0,E37-C37,0) -> 0 | E37: =IF(C37>0,$C$2*$C$3/12*(1+$C$3/12)^$D$4/((1+$C$3/12)^$D$4-1),0) -> 0
B38: 30 | C38: =IFERROR(ABS(PPMT($C$3/12,$B38,$D$4,$C$2)),0) -> 0 | D38: =IF(C38>0,E38-C38,0) -> 0 | E38: =IF(C38>0,$C$2*$C$3/12*(1+$C$3/12)^$D$4/((1+$C$3/12)^$D$4-1),0) -> 0
... B368: 360 | C368: =IFERROR(ABS(PPMT($C$3/12,$B368,$D$4,$C$2)),0) -> 0 | D368: =IF(C368>0,E368-C368,0) -> 0 | E368: =IF(C368>0,$C$2*$C$3/12*(1+$C$3/12)^$D$4/((1+$C$3/12)^$D$4-1),0) -> 0

Sheet 이자율계산
B2: 대출액 | C2: 2.1315024e+08 | D2: =C2 -> 2.1315024e+08 | I2: 대출액 | J2: 205310000 | K2: =J2 -> 205310000 | Q2: 대출액 | R2: 218760351 | S2: =R2 -> 218760351
B3: 이율(%) | C3: 0.05 | F3: 5년간 상환원금 | G3: =SUMIFS(C9:$C$368,$B$9:$B$368,"<=72") -> 66798018 | I3: 이율(%) | J3: 0.035 | Q3: 이율(%) | R3: 0.04
B4: 상환기간(년) | C4: 15 | D4: =C4*12 -> 180 | F4: 5년간 상환이자 | G4: =SUMIFS(D9:$D$368,$B$9:$B$368,"<=72") -> 54563634 | I4: 상환기간(년) | J4: 30 | K4: =J4*12 -> 360 | Q4: 상환기간(년) | R4: 15 | S4: =R4*12 -> 180
B5: 총 대출이자 | C5: =E9*D4-C2 -> 90253892 | F5: 5년후 잔여원금 | G5: =C2-SUMIFS(C9:$C$368,$B$9:$B$368,"<=72") -> 146352221 | I5: 총 대출이자 | J5: =L9*K4-J2 -> 1.2658611e+08 | N5: 총 대출이자 | O5: =G4+J5 -> 1.8114975e+08 | Q5: 총 대출이자 | R5: =T9*S4-R2 -> 72505551
B6: 월평균상환액 | C6: =E9 -> 1685578.5 | I6: 월평균상환액 | J6: =L9 -> 921933.65 | N6: 월상환액 | O6: =C6 -> 1685578.5 | Q6: 월평균상환액 | R6: =T9 -> 1618143.9
B8: 회차 | C8: 원금 | D8: 이자 | E8: 월불입금 | I8: 회차 | J8: 원금 | K8: 이자 | L8: 월불입금 | Q8: 회차 | R8: 원금 | S8: 이자 | T8: 월불입금
B9: 1 | C9: =IFERROR(ABS(PPMT($C$3/12,$B9,$D$4,$C$2)),0) -> 797452.51 | D9: =IF(C9>0,E9-C9,0) -> 888126 | E9: =IF(C9>0,$C$2*$C$3/12*(1+$C$3/12)^$D$4/((1+$C$3/12)^$D$4-1),0) -> 1685578.5 | I9: 1 | J9: =IFERROR(ABS(PPMT($J$3/12,$I9,$K$4,$J$2)),0) -> 323112.82 | K9: =IF(J9>0,L9-J9,0) -> 598820.83 | L9: =IF(J9>0,$J$2*$J$3/12*(1+$J$3/12)^$K$4/((1+$J$3/12)^$K$4-1),0) -> 921933.65 | Q9: 1 | R9: =IFERROR(ABS(PPMT($R$3/12,$Q9,$S$4,$R$2)),0) -> 888942.73 | S9: =IF(R9>0,T9-R9,0) -> 729201.17 | T9: =IF(R9>0,$R$2*$R$3/12*(1+$R$3/12)^$S$4/((1+$R$3/12)^$S$4-1),0) -> 1618143.9
B10: 2 | C10: =IFERROR(ABS(PPMT($C$3/12,$B10,$D$4,$C$2)),0) -> 800775.23 | D10: =IF(C10>0,E10-C10,0) -> 884803.28 | E10: =IF(C10>0,$C$2*$C$3/12*(1+$C$3/12)^$D$4/((1+$C$3/12)^$D$4-1),0) -> 1685578.5 | I10: 2 | J10: =IFERROR(ABS(PPMT($J$3/12,$I10,$K$4,$J$2)),0) -> 324055.23 | K10: =IF(J10>0,L10-J10,0) -> 597878.42 | L10: =IF(J10>0,$J$2*$J$3/12*(1+$J$3/12)^$K$4/((1+$J$3/12)^$K$4-1),0) -> 921933.65 | Q10: 2 | R10: =IFERROR(ABS(PPMT($R$3/12,$Q10,$S$4,$R$2)),0) -> 891905.87 | S10: =IF(R10>0,T10-R10,0) -> 726238.03 | T10: =IF(R10>0,$R$2*$R$3/12*(1+$R$3/12)^$S$4/((1+$R$3/12)^$S$4-1),0) -> 1618143.9
B11: 3 | C11: =IFERROR(ABS(PPMT($C$3/12,$B11,$D$4,$C$2)),0) -> 804111.79 | D11: =IF(C11>0,E11-C11,0) -> 881466.72 | E11: =IF(C11>0,$C$2*$C$3/12*(1+$C$3/12)^$D$4/((1+$C$3/12)^$D$4-1),0) -> 1685578.5 | I11: 3 | J11: =IFERROR(ABS(PPMT($J$3/12,$I11,$K$4,$J$2)),0) -> 325000.39 | K11: =IF(J11>0,L11-J11,0) -> 596933.26 | L11: =IF(J11>0,$J$2*$J$3/12*(1+$J$3/12)^$K$4/((1+$J$3/12)^$K$4-1),0) -> 921933.65 | Q11: 3 | R11: =IFERROR(ABS(PPMT($R$3/12,$Q11,$S$4,$R$2)),0) -> 894878.89 | S11: =IF(R11>0,T11-R11,0) -> 723265.01 | T11: =IF(R11>0,$R$2*$R$3/12*(1+$R$3/12)^$S$4/((1+$R$3/12)^$S$4-1),0) -> 1618143.9
B12: 4 | C12: =IFERROR(ABS(PPMT($C$3/12,$B12,$D$4,$C$2)),0) -> 807462.26 | D12: =IF(C12>0,E12-C12,0) -> 878116.25 | E12: =IF(C12>0,$C$2*$C$3/12*(1+$C$3/12)^$D$4/((1+$C$3/12)^$D$4-1),0) -> 1685578.5 | I12: 4 | J12: =IFERROR(ABS(PPMT($J$3/12,$I12,$K$4,$J$2)),0) -> 325948.31 | K12: =IF(J12>0,L12-J12,0) -> 595985.34 | L12: =IF(J12>0,$J$2*$J$3/12*(1+$J$3/12)^$K$4/((1+$J$3/12)^$K$4-1),0) -> 921933.65 | Q12: 4 | R12: =IFERROR(ABS(PPMT($R$3/12,$Q12,$S$4,$R$2)),0) -> 897861.82 | S12: =IF(R12>0,T12-R12,0) -> 720282.08 | T12: =IF(R12>0,$R$2*$R$3/12*(1+$R$3/12)^$S$4/((1+$R$3/12)^$S$4-1),0) -> 1618143.9
B13: 5 | C13: =IFERROR(ABS(PPMT($C$3/12,$B13,$D$4,$C$2)),0) -> 810826.69 | D13: =IF(C13>0,E13-C13,0) -> 874751.82 | E13: =IF(C13>0,$C$2*$C$3/12*(1+$C$3/12)^$D$4/((1+$C$3/12)^$D$4-1),0) -> 1685578.5 | I13: 5 | J13: =IFERROR(ABS(PPMT($J$3/12,$I13,$K$4,$J$2)),0) -> 326898.99 | K13: =IF(J13>0,L13-J13,0) -> 595034.66 | L13: =IF(J13>0,$J$2*$J$3/12*(1+$J$3/12)^$K$4/((1+$J$3/12)^$K$4-1),0) -> 921933.65 | Q13: 5 | R13: =IFERROR(ABS(PPMT($R$3/12,$Q13,$S$4,$R$2)),0) -> 900854.7 | S13: =IF(R13>0,T13-R13,0) -> 717289.21 | T13: =IF(R13>0,$R$2*$R$3/12*(1+$R$3/12)^$S$4/((1+$R$3/12)^$S$4-1),0) -> 1618143.9
B14: 6 | C14: =IFERROR(ABS(PPMT($C$3/12,$B14,$D$4,$C$2)),0) -> 814205.13 | D14: =IF(C14>0,E14-C14,0) -> 871373.38 | E14: =IF(C14>0,$C$2*$C$3/12*(1+$C$3/12)^$D$4/((1+$C$3/12)^$D$4-1),0) -> 1685578.5 | I14: 6 | J14: =IFERROR(ABS(PPMT($J$3/12,$I14,$K$4,$J$2)),0) -> 327852.44 | K14: =IF(J14>0,L14-J14,0) -> 594081.2 | L14: =IF(J14>0,$J$2*$J$3/12*(1+$J$3/12)^$K$4/((1+$J$3/12)^$K$4-1),0) -> 921933.65 | Q14: 6 | R14: =IFERROR(ABS(PPMT($R$3/12,$Q14,$S$4,$R$2)),0) -> 903857.55 | S14: =IF(R14>0,T14-R14,0) -> 714286.36 | T14: =IF(R14>0,$R$2*$R$3/12*(1+$R$3/12)^$S$4/((1+$R$3/12)^$S$4-1),0) -> 1618143.9
B15: 7 | C15: =IFERROR(ABS(PPMT($C$3/12,$B15,$D$4,$C$2)),0) -> 817597.65 | D15: =IF(C15>0,E15-C15,0) -> 867980.86 | E15: =IF(C15>0,$C$2*$C$3/12*(1+$C$3/12)^$D$4/((1+$C$3/12)^$D$4-1),0) -> 1685578.5 | I15: 12 | J15: =IFERROR(ABS(PPMT($J$3/12,$I15,$K$4,$J$2)),0) -> 333631.86 | K15: =IF(J15>0,L15-J15,0) -> 588301.79 | L15: =IF(J15>0,$J$2*$J$3/12*(1+$J$3/12)^$K$4/((1+$J$3/12)^$K$4-1),0) -> 921933.65 | Q15: 12 | R15: =IFERROR(ABS(PPMT($R$3/12,$Q15,$S$4,$R$2)),0) -> 922086.01 | S15: =IF(R15>0,T15-R15,0) -> 696057.89 | T15: =IF(R15>0,$R$2*$R$3/12*(1+$R$3/12)^$S$4/((1+$R$3/12)^$S$4-1),0) -> 1618143.9
B16: 8 | C16: =IFERROR(ABS(PPMT($C$3/12,$B16,$D$4,$C$2)),0) -> 821004.31 | D16: =IF(C16>0,E16-C16,0) -> 864574.2 | E16: =IF(C16>0,$C$2*$C$3/12*(1+$C$3/12)^$D$4/((1+$C$3/12)^$D$4-1),0) -> 1685578.5 | I16: =12*2 -> 24 | J16: =IFERROR(ABS(PPMT($J$3/12,$I16,$K$4,$J$2)),0) -> 345498.13 | K16: =IF(J16>0,L16-J16,0) -> 576435.52 | L16: =IF(J16>0,$J$2*$J$3/12*(1+$J$3/12)^$K$4/((1+$J$3/12)^$K$4-1),0) -> 921933.65 | Q16: =12*2 -> 24 | R16: =IFERROR(ABS(PPMT($R$3/12,$Q16,$S$4,$R$2)),0) -> 959653.22 | S16: =IF(R16>0,T16-R16,0) -> 658490.68 | T16: =IF(R16>0,$R$2*$R$3/12*(1+$R$3/12)^$S$4/((1+$R$3/12)^$S$4-1),0) -> 1618143.9
B17: 9 | C17: =IFERROR(ABS(PPMT($C$3/12,$B17,$D$4,$C$2)),0) -> 824425.16 | D17: =IF(C17>0,E17-C17,0) -> 861153.35 | E17: =IF(C17>0,$C$2*$C$3/12*(1+$C$3/12)^$D$4/((1+$C$3/12)^$D$4-1),0) -> 1685578.5 | I17: =12*3 -> 36 | J17: =IFERROR(ABS(PPMT($J$3/12,$I17,$K$4,$J$2)),0) -> 357786.45 | K17: =IF(J17>0,L17-J17,0) -> 564147.2 | L17: =IF(J17>0,$J$2*$J$3/12*(1+$J$3/12)^$K$4/((1+$J$3/12)^$K$4-1),0) -> 921933.65 | Q17: =12*3 -> 36 | R17: =IFERROR(ABS(PPMT($R$3/12,$Q17,$S$4,$R$2)),0) -> 998750.97 | S17: =IF(R17>0,T17-R17,0) -> 619392.93 | T17: =IF(R17>0,$R$2*$R$3/12*(1+$R$3/12)^$S$4/((1+$R$3/12)^$S$4-1),0) -> 1618143.9
B18: 10 | C18: =IFERROR(ABS(PPMT($C$3/12,$B18,$D$4,$C$2)),0) -> 827860.26 | D18: =IF(C18>0,E18-C18,0) -> 857718.24 | E18: =IF(C18>0,$C$2*$C$3/12*(1+$C$3/12)^$D$4/((1+$C$3/12)^$D$4-1),0) -> 1685578.5 | I18: =12*4 -> 48 | J18: =IFERROR(ABS(PPMT($J$3/12,$I18,$K$4,$J$2)),0) -> 370511.82 | K18: =IF(J18>0,L18-J18,0) -> 551421.83 | L18: =IF(J18>0,$J$2*$J$3/12*(1+$J$3/12)^$K$4/((1+$J$3/12)^$K$4-1),0) -> 921933.65 | Q18: =12*4 -> 48 | R18: =IFERROR(ABS(PPMT($R$3/12,$Q18,$S$4,$R$2)),0) -> 1039441.6 | S18: =IF(R18>0,T18-R18,0) -> 578702.28 | T18: =IF(R18>0,$R$2*$R$3/12*(1+$R$3/12)^$S$4/((1+$R$3/12)^$S$4-1),0) -> 1618143.9
B19: 11 | C19: =IFERROR(ABS(PPMT($C$3/12,$B19,$D$4,$C$2)),0) -> 831309.68 | D19: =IF(C19>0,E19-C19,0) -> 854268.83 | E19: =IF(C19>0,$C$2*$C$3/12*(1+$C$3/12)^$D$4/((1+$C$3/12)^$D$4-1),0) -> 1685578.5 | I19: =12*5 -> 60 | J19: =IFERROR(ABS(PPMT($J$3/12,$I19,$K$4,$J$2)),0) -> 383689.79 | K19: =IF(J19>0,L19-J19,0) -> 538243.85 | L19: =IF(J19>0,$J$2*$J$3/12*(1+$J$3/12)^$K$4/((1+$J$3/12)^$K$4-1),0) -> 921933.65 | Q19: =12*5 -> 60 | R19: =IFERROR(ABS(PPMT($R$3/12,$Q19,$S$4,$R$2)),0) -> 1081790.1 | S19: =IF(R19>0,T19-R19,0) -> 536353.82 | T19: =IF(R19>0,$R$2*$R$3/12*(1+$R$3/12)^$S$4/((1+$R$3/12)^$S$4-1),0) -> 1618143.9
B20: 12 | C20: =IFERROR(ABS(PPMT($C$3/12,$B20,$D$4,$C$2)),0) -> 834773.47 | D20: =IF(C20>0,E20-C20,0) -> 850805.04 | E20: =IF(C20>0,$C$2*$C$3/12*(1+$C$3/12)^$D$4/((1+$C$3/12)^$D$4-1),0) -> 1685578.5 | I20: =12*6 -> 72 | J20: =IFERROR(ABS(PPMT($J$3/12,$I20,$K$4,$J$2)),0) -> 397336.47 | K20: =IF(J20>0,L20-J20,0) -> 524597.18 | L20: =IF(J20>0,$J$2*$J$3/12*(1+$J$3/12)^$K$4/((1+$J$3/12)^$K$4-1),0) -> 921933.65 | Q20: =12*6 -> 72 | R20: =IFERROR(ABS(PPMT($R$3/12,$Q20,$S$4,$R$2)),0) -> 1125863.9 | S20: =IF(R20>0,T20-R20,0) -> 492280.02 | T20: =IF(R20>0,$R$2*$R$3/12*(1+$R$3/12)^$S$4/((1+$R$3/12)^$S$4-1),0) -> 1618143.9
B21: 13 | C21: =IFERROR(ABS(PPMT($C$3/12,$B21,$D$4,$C$2)),0) -> 838251.69 | D21: =IF(C21>0,E21-C21,0) -> 847326.81 | E21: =IF(C21>0,$C$2*$C$3/12*(1+$C$3/12)^$D$4/((1+$C$3/12)^$D$4-1),0) -> 1685578.5 | I21: =12*7 -> 84 | J21: =IFERROR(ABS(PPMT($J$3/12,$I21,$K$4,$J$2)),0) -> 411468.52 | K21: =IF(J21>0,L21-J21,0) -> 510465.13 | L21: =IF(J21>0,$J$2*$J$3/12*(1+$J$3/12)^$K$4/((1+$J$3/12)^$K$4-1),0) -> 921933.65 | Q21: =12*7 -> 84 | R21: =IFERROR(ABS(PPMT($R$3/12,$Q21,$S$4,$R$2)),0) -> 1171733.3 | S21: =IF(R21>0,T21-R21,0) -> 446410.59 | T21: =IF(R21>0,$R$2*$R$3/12*(1+$R$3/12)^$S$4/((1+$R$3/12)^$S$4-1),0) -> 1618143.9
B22: 14 | C22: =IFERROR(ABS(PPMT($C$3/12,$B22,$D$4,$C$2)),0) -> 841744.41 | D22: =IF(C22>0,E22-C22,0) -> 843834.1 | E22: =IF(C22>0,$C$2*$C$3/12*(1+$C$3/12)^$D$4/((1+$C$3/12)^$D$4-1),0) -> 1685578.5 | I22: =12*8 -> 96 | J22: =IFERROR(ABS(PPMT($J$3/12,$I22,$K$4,$J$2)),0) -> 426103.2 | K22: =IF(J22>0,L22-J22,0) -> 495830.45 | L22: =IF(J22>0,$J$2*$J$3/12*(1+$J$3/12)^$K$4/((1+$J$3/12)^$K$4-1),0) -> 921933.65 | Q22: =12*8 -> 96 | R22: =IFERROR(ABS(PPMT($R$3/12,$Q22,$S$4,$R$2)),0) -> 1219471.5 | S22: =IF(R22>0,T22-R22,0) -> 398672.37 | T22: =IF(R22>0,$R$2*$R$3/12*(1+$R$3/12)^$S$4/((1+$R$3/12)^$S$4-1),0) -> 1618143.9
B23: 15 | C23: =IFERROR(ABS(PPMT($C$3/12,$B23,$D$4,$C$2)),0) -> 845251.68 | D23: =IF(C23>0,E23-C23,0) -> 840326.83 | E23: =IF(C23>0,$C$2*$C$3/12*(1+$C$3/12)^$D$4/((1+$C$3/12)^$D$4-1),0) -> 1685578.5 | I23: =12*9 -> 108 | J23: =IFERROR(ABS(PPMT($J$3/12,$I23,$K$4,$J$2)),0) -> 441258.39 | K23: =IF(J23>0,L23-J23,0) -> 480675.26 | L23: =IF(J23>0,$J$2*$J$3/12*(1+$J$3/12)^$K$4/((1+$J$3/12)^$K$4-1),0) -> 921933.65 | Q23: =12*9 -> 108 | R23: =IFERROR(ABS(PPMT($R$3/12,$Q23,$S$4,$R$2)),0) -> 1269154.7 | S23: =IF(R23>0,T23-R23,0) -> 348989.22 | T23: =IF(R23>0,$R$2*$R$3/12*(1+$R$3/12)^$S$4/((1+$R$3/12)^$S$4-1),0) -> 1618143.9
B24: 16 | C24: =IFERROR(ABS(PPMT($C$3/12,$B24,$D$4,$C$2)),0) -> 848773.56 | D24: =IF(C24>0,E24-C24,0) -> 836804.95 | E24: =IF(C24>0,$C$2*$C$3/12*(1+$C$3/12)^$D$4/((1+$C$3/12)^$D$4-1),0) -> 1685578.5 | I24: =12*10 -> 120 | J24: =IFERROR(ABS(PPMT($J$3/12,$I24,$K$4,$J$2)),0) -> 456952.61 | K24: =IF(J24>0,L24-J24,0) -> 464981.04 | L24: =IF(J24>0,$J$2*$J$3/12*(1+$J$3/12)^$K$4/((1+$J$3/12)^$K$4-1),0) -> 921933.65 | Q24: =12*10 -> 120 | R24: =IFERROR(ABS(PPMT($R$3/12,$Q24,$S$4,$R$2)),0) -> 1320862 | S24: =IF(R24>0,T24-R24,0) -> 297281.9 | T24: =IF(R24>0,$R$2*$R$3/12*(1+$R$3/12)^$S$4/((1+$R$3/12)^$S$4-1),0) -> 1618143.9
B25: 17 | C25: =IFERROR(ABS(PPMT($C$3/12,$B25,$D$4,$C$2)),0) -> 852310.12 | D25: =IF(C25>0,E25-C25,0) -> 833268.39 | E25: =IF(C25>0,$C$2*$C$3/12*(1+$C$3/12)^$D$4/((1+$C$3/12)^$D$4-1),0) -> 1685578.5 | I25: =12*12 -> 144 | J25: =IFERROR(ABS(PPMT($J$3/12,$I25,$K$4,$J$2)),0) -> 490035.48 | K25: =IF(J25>0,L25-J25,0) -> 431898.17 | L25: =IF(J25>0,$J$2*$J$3/12*(1+$J$3/12)^$K$4/((1+$J$3/12)^$K$4-1),0) -> 921933.65 | Q25: =12*12 -> 144 | R25: =IFERROR(ABS(PPMT($R$3/12,$Q25,$S$4,$R$2)),0) -> 1430682.4 | S25: =IF(R25>0,T25-R25,0) -> 187461.52 | T25: =IF(R25>0,$R$2*$R$3/12*(1+$R$3/12)^$S$4/((1+$R$3/12)^$S$4-1),0) -> 1618143.9
B26: 18 | C26: =IFERROR(ABS(PPMT($C$3/12,$B26,$D$4,$C$2)),0) -> 855861.41 | D26: =IF(C26>0,E26-C26,0) -> 829717.1 | E26: =IF(C26>0,$C$2*$C$3/12*(1+$C$3/12)^$D$4/((1+$C$3/12)^$D$4-1),0) -> 1685578.5 | I26: =12*15 -> 180 | J26: =IFERROR(ABS(PPMT($J$3/12,$I26,$K$4,$J$2)),0) -> 544204.43 | K26: =IF(J26>0,L26-J26,0) -> 377729.21 | L26: =IF(J26>0,$J$2*$J$3/12*(1+$J$3/12)^$K$4/((1+$J$3/12)^$K$4-1),0) -> 921933.65 | Q26: =12*15 -> 180 | R26: =IFERROR(ABS(PPMT($R$3/12,$Q26,$S$4,$R$2)),0) -> 1612768 | S26: =IF(R26>0,T26-R26,0) -> 5375.8934 | T26: =IF(R26>0,$R$2*$R$3/12*(1+$R$3/12)^$S$4/((1+$R$3/12)^$S$4-1),0) -> 1618143.9
B27: 19 | C27: =IFERROR(ABS(PPMT($C$3/12,$B27,$D$4,$C$2)),0) -> 859427.5 | D27: =IF(C27>0,E27-C27,0) -> 826151.01 | E27: =IF(C27>0,$C$2*$C$3/12*(1+$C$3/12)^$D$4/((1+$C$3/12)^$D$4-1),0) -> 1685578.5
B28: 20 | C28: =IFERROR(ABS(PPMT($C$3/12,$B28,$D$4,$C$2)),0) -> 863008.45 | D28: =IF(C28>0,E28-C28,0) -> 822570.06 | E28: =IF(C28>0,$C$2*$C$3/12*(1+$C$3/12)^$D$4/((1+$C$3/12)^$D$4-1),0) -> 1685578.5
B29: 21 | C29: =IFERROR(ABS(PPMT($C$3/12,$B29,$D$4,$C$2)),0) -> 866604.32 | D29: =IF(C29>0,E29-C29,0) -> 818974.19 | E29: =IF(C29>0,$C$2*$C$3/12*(1+$C$3/12)^$D$4/((1+$C$3/12)^$D$4-1),0) -> 1685578.5
B30: 22 | C30: =IFERROR(ABS(PPMT($C$3/12,$B30,$D$4,$C$2)),0) -> 870215.17 | D30: =IF(C30>0,E30-C30,0) -> 815363.34 | E30: =IF(C30>0,$C$2*$C$3/12*(1+$C$3/12)^$D$4/((1+$C$3/12)^$D$4-1),0) -> 1685578.5
B31: 23 | C31: =IFERROR(ABS(PPMT($C$3/12,$B31,$D$4,$C$2)),0) -> 873841.06 | D31: =IF(C31>0,E31-C31,0) -> 811737.45 | E31: =IF(C31>0,$C$2*$C$3/12*(1+$C$3/12)^$D$4/((1+$C$3/12)^$D$4-1),0) -> 1685578.5
B32: 24 | C32: =IFERROR(ABS(PPMT($C$3/12,$B32,$D$4,$C$2)),0) -> 877482.07 | D32: =IF(C32>0,E32-C32,0) -> 808096.44 | E32: =IF(C32>0,$C$2*$C$3/12*(1+$C$3/12)^$D$4/((1+$C$3/12)^$D$4-1),0) -> 1685578.5
B33: 25 | C33: =IFERROR(ABS(PPMT($C$3/12,$B33,$D$4,$C$2)),0) -> 881138.24 | D33: =IF(C33>0,E33-C33,0) -> 804440.27 | E33: =IF(C33>0,$C$2*$C$3/12*(1+$C$3/12)^$D$4/((1+$C$3/12)^$D$4-1),0) -> 1685578.5
B34: 26 | C34: =IFERROR(ABS(PPMT($C$3/12,$B34,$D$4,$C$2)),0) -> 884809.65 | D34: =IF(C34>0,E34-C34,0) -> 800768.86 | E34: =IF(C34>0,$C$2*$C$3/12*(1+$C$3/12)^$D$4/((1+$C$3/12)^$D$4-1),0) -> 1685578.5
B35: 27 | C35: =IFERROR(ABS(PPMT($C$3/12,$B35,$D$4,$C$2)),0) -> 888496.36 | D35: =IF(C35>0,E35-C35,0) -> 797082.15 | E35: =IF(C35>0,$C$2*$C$3/12*(1+$C$3/12)^$D$4/((1+$C$3/12)^$D$4-1),0) -> 1685578.5
B36: 28 | C36: =IFERROR(ABS(PPMT($C$3/12,$B36,$D$4,$C$2)),0) -> 892198.43 | D36: =IF(C36>0,E36-C36,0) -> 793380.08 | E36: =IF(C36>0,$C$2*$C$3/12*(1+$C$3/12)^$D$4/((1+$C$3/12)^$D$4-1),0) -> 1685578.5
B37: 29 | C37: =IFERROR(ABS(PPMT($C$3/12,$B37,$D$4,$C$2)),0) -> 895915.92 | D37: =IF(C37>0,E37-C37,0) -> 789662.59 | E37: =IF(C37>0,$C$2*$C$3/12*(1+$C$3/12)^$D$4/((1+$C$3/12)^$D$4-1),0) -> 1685578.5
B38: 30 | C38: =IFERROR(ABS(PPMT($C$3/12,$B38,$D$4,$C$2)),0) -> 899648.9 | D38: =IF(C38>0,E38-C38,0) -> 785929.61 | E38: =IF(C38>0,$C$2*$C$3/12*(1+$C$3/12)^$D$4/((1+$C$3/12)^$D$4-1),0) -> 1685578.5
... B368: 360 | C368: =IFERROR(ABS(PPMT($C$3/12,$B368,$D$4,$C$2)),0) -> 0 | D368: =IF(C368>0,E368-C368,0) -> 0 | E368: =IF(C368>0,$C$2*$C$3/12*(1+$C$3/12)^$D$4/((1+$C$3/12)^$D$4-1),0) -> 0

Sheet 수락리버 2단지 시뮬레이션
D2: 주담대 MAX
B3: 주택매매가(수락리버 107㎥) | D3: 430000000 | F3: 구분 | G3: 총상환액 - 매매가 | H3: 15년기준 월비용
B4: 주택시세(LTV대상금액) | D4: =D3*90% -> 387000000 | F4: 주택가격 유지시 | G4: =D31-D3 -> 1.2530526e+08 | H4: =G4/15/12 -> 696140.32
B5: 취득세 (주택매매가 약 1.3%) | D5: =D3*1.3% -> 5590000 | F5: 주택가격 3천만원 상승기준 | G5: =G4-30000000 -> 95305258 | H5: =G5/15/12 -> 529473.65
B6: 중개수수료 (거래가 0.4%) | D6: =D3*0.4% -> 1720000 | F6: 주택가격 5천만원 상승기준 | G6: =G4-50000000 -> 75305258 | H6: =G6/15/12 -> 418362.54
B7: 추가비용 (이사, 가구 등) | D7: 25000000 | F7: 주택가격 3천만원 하락기준 | G7: =G4+30000000 -> 1.5530526e+08 | H7: =G7/15/12 -> 862806.99
B8: 중개수수료 (거래가 0.3%, 전세) | D8: 0
B9: 소계 | D9: =D3+SUM(D5:D8) -> 462310000 | F9: 계 | H9: =H10+H16+H31+H24 -> 24300000
B10: 대출금액 | D10: 285310000 | F10: 인테리어 | H10: =SUM(H11:H15) -> 11600000
F11: 페인트시공 전체 | H11: 6500000
B12: 비투기지역(서울 외) | F12: 욕실인테리어 1개 | H12: 2300000
C13: LTV70 | D13: =D10-D21 -> 205310000 | F13: 중문시공 | H13: 1800000
C14: 총 대출이자 (3.5% 기준) | D14: 58880562 | F14: 조명설비 | H14: 1000000
C15: 월상환액 (15년 상환) | D15: 1467725.3
F16: 가전 | H16: =SUM(H17:H21) -> 5550000
C17: 신용대출-교원공제회, 연금공단 | F17: 에어컨 2 in 1 | H17: 2000000
C18: 총 대출이자 (4%기준) | F18: 세탁기 + 건조기 (삼성 14kg + 9kg) | H18: 1500000
C19: 월상환액 (10년 상환) | F19: 냉장고 (삼성 811L 3door) | H19: 1200000
F20: 김치냉장고 (클라쎄 100L) | H20: 500000
C21: 전세자금대출 | D21: 80000000 | F21: 전기밥솥 | H21: 350000
C22: 총 대출이자 (6.3%기준) | D22: 22051756
C23: 월상환액 (8년 상환) | D23: 1063039.1
F24: 가구 | H24: =SUM(H25:H30) -> 5150000
C25: 기타 대출 | D25: =D10-D13-D17-D21 -> 0 | F25: 침대 + 협탁 | H25: 2300000
F26: 드레스룸 | H26: 1000000
C27: 월상환액 계 | D27: =D19+D15+D23 -> 2530764.5 | F27: 책상+책장 | H27: 500000
C28: DTI (연간원리금/연간세전수입(9천) | D28: =D27*12/90000000 -> 0.33743526 | F28: 소파+테이블 | H28: 1350000
C30: 총 상환액 계 | D30: =D15*15*12+D19*10*12+D23*10*12 -> 3.9175526e+08
C31: 총 소요금액 (현재자산+대출 등) | D31: 5.5530526e+08 | F31: 이사 | H31: =SUM(H32:H40) -> 2000000
C32: 비교 | F32: 이사짐센터 | H32: 1500000
F33: 입주청소 | H33: 500000

Sheet 수락리버 시뮬레이션
AB1: 전세 만기전 입주 케이스
E2: 3,4단지 | N2: 1,2단지 | O2: 주담대 MAX | P2: 주담대 MAX | Q2: 주담대 MIN | R2: 주담대 MAX | S2: 주담대 MIN | Z2: 전세 3.5억 | AD2: 1,2단지
C3: 주택매매가(수락리버 111㎥) | E3: 430000000 | F3: 450000000 | G3: 470000000 | H3: 480000000 | I3: 500000000 | L3: 주택매매가(수락리버 111㎥) | N3: 430000000 | O3: 430000000 | P3: 450000000 | Q3: 450000000 | R3: 470000000 | S3: 470000000 | T3: 480000000 | U3: 490000000 | V3: 500000000 | X3: 주택전세가(수락리버 111㎥) | Z3: 350000000 | AB3: 주택매매가(수락리버 111㎥) | AD3: 430000000
C4: 주택시세(LTV대상금액) | E4: =E3*90% -> 387000000 | F4: =F3*90% -> 405000000 | G4: =G3*90% -> 423000000 | H4: =H3*90% -> 432000000 | I4: =I3*90% -> 450000000 | L4: 주택시세(LTV대상금액) | N4: =N3*90% -> 387000000 | O4: =O3*90% -> 387000000 | P4: =P3*90% -> 405000000 | Q4: =Q3*90% -> 405000000 | R4: =R3*90% -> 423000000 | S4: =S3*90% -> 423000000 | T4: =T3*90% -> 432000000 | U4: =U3*90% -> 441000000 | V4: =V3*90% -> 450000000 | AB4: 주택시세(LTV대상금액) | AD4: 400000000
C5: 취득세 (주택매매가 약 1.3%) | E5: =E3*1.3% -> 5590000 | F5: =F3*1.3% -> 5850000 | G5: =G3*1.3% -> 6110000 | H5: =H3*1.3% -> 6240000 | I5: =I3*1.3% -> 6500000 | L5: 취득세 (주택매매가 약 1.3%) | N5: =N3*1.3% -> 5590000 | O5: =O3*1.3% -> 5590000 | P5: =P3*1.3% -> 5850000 | Q5: =Q3*1.3% -> 5850000 | R5: =R3*1.3% -> 6110000 | S5: =S3*1.3% -> 6110000 | T5: =T3*1.3% -> 6240000 | U5: =U3*1.3% -> 6370000 | V5: =V3*1.3% -> 6500000 | AB5: 취득세 (주택매매가 약 1.3%) | AD5: =AD3*1.3% -> 5590000
C6: 중개수수료 (거래가 0.4%) | E6: =E3*0.4% -> 1720000 | F6: =F3*0.4% -> 1800000 | G6: =G3*0.4% -> 1880000 | H6: =H3*0.4% -> 1920000 | I6: =I3*0.4% -> 2000000 | L6: 중개수수료 (거래가 0.4%) | N6: =N3*0.4% -> 1720000 | O6: =O3*0.4% -> 1720000 | P6: =P3*0.4% -> 1800000 | Q6: =Q3*0.4% -> 1800000 | R6: =R3*0.4% -> 1880000 | S6: =S3*0.4% -> 1880000 | T6: =T3*0.4% -> 1920000 | U6: =U3*0.4% -> 1960000 | V6: =V3*0.4% -> 2000000 | X6: 중개수수료 (거래가 0.4%) | Z6: =Z3*0.4% -> 1400000 | AB6: 중개수수료 (거래가 0.4%) | AD6: =AD3*0.4% -> 1720000
C7: 추가비용 (이사, 가구 등) | E7: 17000000 | F7: 17000000 | G7: 17000000 | H7: 17000000 | I7: 17000000 | L7: 추가비용 (이사, 가구 등) | N7: 25000000 | O7: 25000000 | P7: 17000000 | Q7: 17000000 | R7: 17000000 | S7: 17000000 | T7: 17000000 | U7: 17000000 | V7: 17000000 | X7: 추가비용 (이사, 가구 등) | Z7: 17000000 | AB7: 추가비용 (이사, 가구 등) | AD7: 5000000
C8: 중개수수료 (거래가 0.3%, 전세) | E8: =240000000*0.3% -> 720000 | F8: =240000000*0.3% -> 720000 | G8: =240000000*0.3% -> 720000 | H8: =240000000*0.3% -> 720000 | I8: =240000000*0.3% -> 720000 | L8: 중개수수료 (거래가 0.3%, 전세) | N8: 0 | O8: 0 | P8: =240000000*0.3% -> 720000 | Q8: =240000000*0.3% -> 720000 | R8: =240000000*0.3% -> 720000 | S8: =240000000*0.3% -> 720000 | T8: =240000000*0.3% -> 720000 | U8: =240000000*0.3% -> 720000 | V8: =240000000*0.3% -> 720000 | X8: 중개수수료 (거래가 0.3%, 전세) | Z8: =240000000*0.3% -> 720000 | AB8: 중개수수료 (거래가 0.3%, 전세) | AD8: 0
C9: 소계 | E9: =E3+SUM(E5:E8) -> 455030000 | F9: =F3+SUM(F5:F8) -> 475370000 | G9: =G3+SUM(G5:G8) -> 495710000 | H9: =H3+SUM(H5:H8) -> 505880000 | I9: =I3+SUM(I5:I8) -> 526220000 | L9: 소계 | N9: =N3+SUM(N5:N8) -> 462310000 | O9: =O3+SUM(O5:O8) -> 462310000 | P9: =P3+SUM(P5:P8) -> 475370000 | Q9: =Q3+SUM(Q5:Q8) -> 475370000 | R9: =R3+SUM(R5:R8) -> 495710000 | S9: =S3+SUM(S5:S8) -> 495710000 | T9: =T3+SUM(T5:T8) -> 505880000 | U9: =U3+SUM(U5:U8) -> 516050000 | V9: =V3+SUM(V5:V8) -> 526220000 | X9: 소계 | Z9: =Z3+SUM(Z5:Z8) -> 369120000 | AB9: 소계 | AD9: =AD3+SUM(AD5:AD8) -> 442310000
C10: 대출금액 | E10: 292080000 | F10: 312420000 | G10: 332760000 | H10: 342930000 | I10: 363270000 | L10: 대출금액 | N10: 285310000 | O10: 285310000 | P10: 298370000 | Q10: 298370000 | R10: 332760000 | S10: 332760000 | T10: 342930000 | U10: 353100000 | V10: 363270000 | X10: 대출금액 | Z10: 206170000 | AB10: 대출금액 | AD10: =AD9-45000000 -> 397310000
C12: 투기지역(서울) | L12: 비투기지역(서울 외) | X12: 비투기지역(서울 외) | AB12: 비투기지역(서울 외)
D13: LTV40 | E13: =E4*40% -> 154800000 | F13: =F4*40% -> 162000000 | G13: =G4*40% -> 169200000 | H13: =H4*40% -> 172800000 | I13: =I4*40% -> 180000000 | M13: LTV70 | N13: =N10-N17-N21 -> 135310000 | O13: =O10-O21 -> 205310000 | P13: =MIN(P10-P21,P10*70%) -> 208370000 | Q13: =Q10-Q17-Q21 -> 118370000 | R13: =MIN(R10-R21,R10*70%) -> 232932000 | S13: =S10-S17-S21 -> 152760000 | T13: =MIN(T10-T21,T10*70%) -> 240051000 | U13: =MIN(U10-U21,U10*70%) -> 247170000 | V13: =MIN(V10-V21,V10*70%) -> 254289000 | Y13: 전세자금대출 한도 80% | Z13: =Z10 -> 206170000 | AC13: LTV70 | AD13: =AD4*70% -> 280000000
D14: 총 대출이자 (4% 기준, 5년후 5% 기준) | E14: 59640779 | F14: 62414769 | G14: 82264862 | H14: 84015178 | I14: 87515810 | M14: 총 대출이자 (3.5% 기준) | N14: 52573031 | O14: 58880562 | P14: 90253892 | Q14: 52716997 | R14: 1.1753628e+08 | S14: 80393166 | T14: 1.2099753e+08 | U14: 1.0465883e+08 | V14: 1.2792003e+08 | Y14: 총 대출이자 (4%기준) | Z14: 72505551 | AC14: 총 대출이자 (4% 기준, 5년후 5% 기준) | AD14: 2.611162e+08
D15: 월상환액 (15년 상환) | E15: 1145036.9 | F15: 1198294.4 | G15: 1251552 | H15: 1278180.7 | I15: 1331438.3 | M15: 월상환액 (15년 상환) | N15: 981852.07 | O15: 1467725.3 | P15: 1685578.5 | Q15: 984540.77 | R15: 1788160.4 | S15: 1223076.6 | T15: 1840818.8 | U15: 1954604.6 | V15: 1946135.5 | Y15: 월상환액 (15년 상환) | Z15: 1618143.9 | AC15: 월상환액 (15년 상환) | AD15: 1503100.5
D17: 신용대출-교원공제회, 연금공단 | E17: =E10-E13-E21 -> 47280000 | F17: =F10-F13-F21 -> 60420000 | G17: =G10-G13-G21 -> 73560000 | H17: 90000000 | I17: 90000000 | M17: 신용대출-교원공제회, 연금공단 | N17: 70000000 | P17: =P10-P13-P21 -> 0 | Q17: 90000000 | R17: =R10-R13-R21 -> 9828000 | S17: 90000000 | T17: =T10-T13-T21 -> 12879000 | U17: =U10-U13-U21 -> 15930000 | V17: =V10-V13-V21 -> 18981000 | AC17: 신용대출-교원공제회, 연금공단 | AD17: 90000000
D18: 총 대출이자 (3.7%기준) | E18: 11848692 | F18: 14449174 | G18: 17049657 | H18: 17811525 | I18: 17811525 | M18: 총 대출이자 (4%기준) | N18: 15045916 | P18: 290171.24 | Q18: 19344749 | R18: 2692529.7 | S18: 17811525 | T18: 3296340.4 | U18: 3900151.1 | V18: 4503961.7 | AC18: 총 대출이자 (3.7%기준) | AD18: 24550756
D19: 월상환액 (10년 상환) | E19: 597658.69 | F19: 728829.38 | G19: 860000.07 | H19: 898429.37 | I19: 898429.37 | M19: 월상환액 (10년 상환) | N19: 708715.97 | P19: 13668.094 | Q19: 911206.24 | R19: 135813.62 | S19: 898429.37 | T19: 166270.38 | U19: 196727.14 | V19: 227183.89 | AC19: 월상환액 (10년 상환) | AD19: 954589.64
D21: 전세자금대출 | E21: 90000000 | F21: 90000000 | G21: 90000000 | H21: 90000000 | I21: 90000000 | M21: 전세자금대출 | N21: 80000000 | O21: 80000000 | P21: 90000000 | Q21: 90000000 | R21: 90000000 | S21: 90000000 | T21: 90000000 | U21: 90000000 | V21: 90000000 | AC21: 추가 신용대출 | AD21: =AD10-AD13-AD17 -> 27310000
D22: 총 대출이자 (4%기준) | E22: 19344749 | F22: 19344749 | G22: 19344749 | H22: 19344749 | I22: 19344749 | M22: 총 대출이자 (6.3%기준) | N22: 22051756 | O22: 22051756 | P22: 19344749 | Q22: 19344749 | R22: 19344749 | S22: 19344749 | T22: 19344749 | U22: 19344749 | V22: 19344749 | AC22: 총 대출이자 (4%기준) | AD22: 7449790.7
D23: 월상환액 (10년 상환) | E23: 911206.24 | F23: 911206.24 | G23: 911206.24 | H23: 911206.24 | I23: 911206.24 | M23: 월상환액 (8년 상환) | N23: 1063039.1 | O23: 1063039.1 | P23: 911206.24 | Q23: 911206.24 | R23: 911206.24 | S23: 911206.24 | T23: 911206.24 | U23: 911206.24 | V23: 911206.24 | AC23: 월상환액 (10년 상환) | AD23: 289664.92
D25: 기타 대출 | E25: =E10-E13-E17-E21 -> 0 | F25: =F10-F13-F17-F21 -> 0 | G25: =G10-G13-G17-G21 -> 0 | H25: =H10-H13-H17-H21 -> -9870000 | I25: =I10-I13-I17-I21 -> 3270000 | M25: 기타 대출 | N25: =N10-N13-N17-N21 -> 0 | O25: =O10-O13-O17-O21 -> 0 | P25: =P10-P13-P17-P21 -> 0 | Q25: =Q10-Q13-Q17-Q21 -> 0 | R25: =R10-R13-R17-R21 -> 0 | S25: =S10-S13-S17-S21 -> 0 | T25: =T10-T13-T17-T21 -> 0 | U25: =U10-U13-U17-U21 -> 0 | V25: =V10-V13-V17-V21 -> 0 | Y25: 기타 대출 | Z25: =Z10-Z13-Z17-Z21 -> 0 | AC25: 기타 대출
D27: 월상환액 계 | E27: =E19+E15+E23 -> 2653901.8 | F27: =F19+F15+F23 -> 2838330.1 | G27: =G19+G15+G23 -> 3022758.3 | H27: =H19+H15+H23 -> 3087816.4 | I27: =I19+I15+I23 -> 3141073.9 | M27: 월상환액 계 | N27: =N19+N15+N23 -> 2753607.2 | O27: =O19+O15+O23 -> 2530764.5 | P27: =P19+P15+P23 -> 2610452.8 | Q27: =Q19+Q15+Q23 -> 2806953.3 | R27: =R19+R15+R23 -> 2835180.3 | S27: =S19+S15+S23 -> 3032712.2 | T27: =T19+T15+T23 -> 2918295.4 | U27: =U19+U15+U23 -> 3062538 | V27: =V19+V15+V23 -> 3084525.7 | Y27: 월상환액 계 | Z27: =Z19+Z15+Z23 -> 1618143.9 | AC27: 월상환액 계 | AD27: =AD19+AD15+AD23 -> 2747355.1
D28: DTI (연간원리금/연간세전수입(9천) | E28: =E27*12/90000000 -> 0.35385358 | F28: =F27*12/90000000 -> 0.37844401 | G28: =G27*12/90000000 -> 0.40303444 | H28: =H27*12/90000000 -> 0.41170885 | I28: =I27*12/90000000 -> 0.41880985 | M28: DTI (연간원리금/연간세전수입(9천) | N28: =N27*12/90000000 -> 0.36714762 | O28: =O27*12/90000000 -> 0.33743526 | P28: =P27*12/90000000 -> 0.34806038 | Q28: =Q27*12/90000000 -> 0.37426043 | R28: =R27*12/90000000 -> 0.37802403 | S28: =S27*12/90000000 -> 0.40436163 | T28: =T27*12/90000000 -> 0.38910605 | U28: =U27*12/90000000 -> 0.4083384 | V28: =V27*12/90000000 -> 0.41127009 | Y28: DTI (연간원리금/연간세전수입(9천) | Z28: =Z27*12/90000000 -> 0.21575252 | AC28: DTI (연간원리금/연간세전수입(9천) | AD28: =AD27*12/90000000 -> 0.36631401
D30: 총 상환액 계 | E30: =E15*15*12+E19*10*12+E23*10*12 -> 3.8717044e+08 | F30: =F15*15*12+F19*10*12+F23*10*12 -> 4.1249727e+08 | G30: =G15*15*12+G19*10*12+G23*10*12 -> 4.3782411e+08 | H30: =H15*15*12+H19*10*12+H23*10*12+H25 -> 4.3735881e+08 | I30: =I15*15*12+I19*10*12+I23*10*12+I25 -> 4.6008516e+08 | M30: 총 상환액 계 | N30: =N15*15*12+N19*10*12+N23*10*12 -> 3.8934398e+08 | O30: =O15*15*12+O19*10*12+O23*10*12 -> 3.9175526e+08 | P30: =P15*15*12+P19*10*12+P23*10*12 -> 414389052 | Q30: =Q15*15*12+Q19*10*12+Q23*10*12 -> 395906837 | R30: =R15*15*12+R19*10*12+R23*10*12 -> 447511255 | S30: =S15*15*12+S19*10*12+S23*10*12 -> 4.3731006e+08 | T30: =T15*15*12+T19*10*12+T23*10*12 -> 4.6064457e+08 | U30: =U15*15*12+U19*10*12+U23*10*12 -> 4.8478083e+08 | V30: =V15*15*12+V19*10*12+V23*10*12 -> 4.8691121e+08 | Y30: 총 상환액 계 | Z30: =Z15*15*12 -> 2.912659e+08 | AC30: 총 상환액 계 | AD30: =AD15*15*12+AD19*10*12+AD23*10*12 -> 4.1986865e+08
D31: 총 소요금액 (현재자산+대출 등) | E31: 5.5072044e+08 | F31: 5.7604727e+08 | G31: 6.0137411e+08 | H31: 6.0090881e+08 | I31: 6.2363516e+08 | M31: 총 소요금액 (현재자산+대출 등) | N31: 5.5289398e+08 | O31: 5.5530526e+08 | P31: 5.7793905e+08 | Q31: 5.5945684e+08 | R31: 6.1106125e+08 | S31: 6.0086006e+08 | T31: 6.2419457e+08 | U31: 6.4833083e+08 | V31: 6.5046121e+08 | Y31: 총 소요금액 (현재자산+대출 등) | Z31: 4.548159e+08 | AC31: 총 소요금액 (현재자산+대출 등) | AD31: 5.8341865e+08
D32: 비교 | E32: 0 | M32: 비교 | N32: 0 | Y32: 비교 | AC32: 비교 | AD32: 0
D34: 주택가격 유지시 추가 비용 | E34: =E31-E3 -> 1.2072044e+08 | F34: =F31-F3 -> 1.2604727e+08 | G34: =G31-G3 -> 1.3137411e+08 | H34: =H31-H3 -> 1.2090881e+08 | I34: =I31-I3 -> 1.2363516e+08 | M34: 주택가격 유지시 추가 비용 | N34: =N31-N3 -> 1.2289398e+08 | O34: =O31-O3 -> 1.2530526e+08 | P34: =P31-P3 -> 127939052 | Q34: =Q31-Q3 -> 109456837 | R34: =R31-R3 -> 141061255 | S34: =S31-S3 -> 1.3086006e+08 | T34: =T31-T3 -> 1.4419457e+08 | U34: =U31-U3 -> 1.5833083e+08 | V34: =V31-V3 -> 1.5046121e+08 | Y34: 총 비용 | Z34: =Z31-Z3 -> 1.048159e+08
D35: 15년 기준 월비용 | E35: =E34/15/12 -> 670669.09 | F35: =F34/15/12 -> 700262.63 | G35: =G34/15/12 -> 729856.18 | H35: =H34/15/12 -> 671715.59 | I35: =I34/15/12 -> 686862.01 | M35: 15년 기준 월비용 | N35: =N34/15/12 -> 682744.36 | O35: =O34/15/12 -> 696140.32 | P35: =P34/15/12 -> 710772.51 | Q35: =Q34/15/12 -> 608093.54 | R35: =R34/15/12 -> 783673.64 | S35: =S34/15/12 -> 727000.33 | T35: =T34/15/12 -> 801080.97 | U35: =U34/15/12 -> 879615.75 | V35: =V34/15/12 -> 835895.63 | Y35: 15년 기준 월비용 | Z35: =Z34/15/12 -> 582310.57
D36: 주택가격 3천만원 상승기준 추가비용 | E36: =E34-30000000 -> 90720435 | F36: =F34-30000000 -> 96047274 | G36: =G34-30000000 -> 1.0137411e+08 | H36: =H34-30000000 -> 90908806 | I36: =I34-30000000 -> 93635162 | M36: 주택가격 3천만원 상승기준 추가비용 | N36: =N34-30000000 -> 92893984 | O36: =O34-30000000 -> 95305258 | P36: =P34-30000000 -> 97939052 | Q36: =Q34-30000000 -> 79456837 | R36: =R34-30000000 -> 111061255 | S36: =S34-30000000 -> 1.0086006e+08 | T36: =T34-30000000 -> 1.1419457e+08 | U36: =U34-30000000 -> 1.2833083e+08 | V36: =V34-30000000 -> 1.2046121e+08
D37: 15년 기준 월비용 | E37: =E36/15/12 -> 504002.42 | F37: =F36/15/12 -> 533595.96 | G37: =G36/15/12 -> 563189.51 | H37: =H36/15/12 -> 505048.92 | I37: =I36/15/12 -> 520195.34 | M37: 15년 기준 월비용 | N37: =N36/15/12 -> 516077.69 | O37: =O36/15/12 -> 529473.65 | P37: =P36/15/12 -> 544105.84 | Q37: =Q36/15/12 -> 441426.87 | R37: =R36/15/12 -> 617006.97 | S37: =S36/15/12 -> 560333.66 | T37: =T36/15/12 -> 634414.3 | U37: =U36/15/12 -> 712949.08 | V37: =V36/15/12 -> 669228.97
D38: 주택가격 5천만원 상승기준 추가비용 | E38: =E34-50000000 -> 70720435 | F38: =F34-50000000 -> 76047274 | G38: =G34-50000000 -> 81374112 | H38: =H34-50000000 -> 70908806 | I38: =I34-50000000 -> 73635162 | M38: 주택가격 5천만원 상승기준 추가비용 | N38: =N34-50000000 -> 72893984 | O38: =O34-50000000 -> 75305258 | P38: =P34-50000000 -> 77939052 | Q38: =Q34-50000000 -> 59456837 | R38: =R34-50000000 -> 91061255 | S38: =S34-50000000 -> 80860059 | T38: =T34-50000000 -> 94194575 | U38: =U34-50000000 -> 1.0833083e+08 | V38: =V34-50000000 -> 1.0046121e+08
D39: 15년 기준 월비용 | E39: =E38/15/12 -> 392891.31 | F39: =F38/15/12 -> 422484.85 | G39: =G38/15/12 -> 452078.4 | H39: =H38/15/12 -> 393937.81 | I39: =I38/15/12 -> 409084.23 | M39: 15년 기준 월비용 | N39: =N38/15/12 -> 404966.58 | O39: =O38/15/12 -> 418362.54 | P39: =P38/15/12 -> 432994.73 | Q39: =Q38/15/12 -> 330315.76 | R39: =R38/15/12 -> 505895.86 | S39: =S38/15/12 -> 449222.55 | T39: =T38/15/12 -> 523303.19 | U39: =U38/15/12 -> 601837.97 | V39: =V38/15/12 -> 558117.86
M40: 주택가격 3천만원 하락기준 추가비용 | N40: =N34+30000000 -> 1.5289398e+08 | O40: =O34+30000000 -> 1.5530526e+08 | P40: =P34+30000000 -> 157939052 | Q40: =Q34+30000000 -> 139456837 | R40: =R34+30000000 -> 171061255 | S40: =S34+30000000 -> 1.6086006e+08 | T40: =T34+30000000 -> 1.7419457e+08 | U40: =U34+30000000 -> 1.8833083e+08 | V40: =V34+30000000 -> 1.8046121e+08
M41: 15년 기준 월비용 | N41: =N40/15/12 -> 849411.02 | O41: =O40/15/12 -> 862806.99 | P41: =P40/15/12 -> 877439.18 | Q41: =Q40/15/12 -> 774760.21 | R41: =R40/15/12 -> 950340.31 | S41: =S40/15/12 -> 893666.99 | T41: =T40/15/12 -> 967747.64 | U41: =U40/15/12 -> 1046282.4 | V41: =V40/15/12 -> 1002562.3

Sheet 수락리버 매물
A1: 등록일 | B1: 구분 | C1: 단지 | D1: 동 | E1: 층 | F1: 층분류 | G1: 가격
A2: 43353 | B2: 매물 | C2: =LEFT(D2,1)&"단지" -> 4단지 | D2: 402 | E2: 14 | F2: =IF(E2=1,"1층",IF(AND(E2>3,E2<10),"중",IF(E2>15,E2,IF(E2>=10,"고","저")))) -> 고 | G2: 60000
A3: 43353 | B3: 매물 | C3: =LEFT(D3,1)&"단지" -> 4단지 | D3: 404 | E3: 고 | F3: =IF(E3=1,"1층",IF(AND(E3>3,E3<10),"중",IF(E3>15,E3,IF(E3>=10,"고","저")))) -> 고 | G3: 45000
A4: 43353 | B4: 매물 | C4: =LEFT(D4,1)&"단지" -> 2단지 | D4: 203 | E4: 9 | F4: =IF(E4=1,"1층",IF(AND(E4>3,E4<10),"중",IF(E4>15,E4,IF(E4>=10,"고","저")))) -> 중 | G4: 58000
A5: 43354 | B5: 매물 | C5: =LEFT(D5,1)&"단지" -> 2단지 | D5: 203 | E5: 11 | F5: =IF(E5=1,"1층",IF(AND(E5>3,E5<10),"중",IF(E5>15,E5,IF(E5>=10,"고","저")))) -> 고 | G5: 42000
A6: 43355 | B6: 매물 | C6: =LEFT(D6,1)&"단지" -> 4단지 | D6: 402 | E6: 11 | F6: =IF(E6=1,"1층",IF(AND(E6>3,E6<10),"중",IF(E6>15,E6,IF(E6>=10,"고","저")))) -> 고 | G6: 54000
A7: 43355 | B7: 매물 | C7: =LEFT(D7,1)&"단지" -> 4단지 | D7: 407 | E7: 9 | F7: =IF(E7=1,"1층",IF(AND(E7>3,E7<10),"중",IF(E7>15,E7,IF(E7>=10,"고","저")))) -> 중 | G7: 55000
A8: 43355 | B8: 매물 | C8: =LEFT(D8,1)&"단지" -> 2단지 | D8: 202 | E8: 12 | F8: =IF(E8=1,"1층",IF(AND(E8>3,E8<10),"중",IF(E8>15,E8,IF(E8>=10,"고","저")))) -> 고 | G8: 43500
A9: 43357 | B9: 매물 | C9: =LEFT(D9,1)&"단지" -> 4단지 | D9: 404 | E9: 4 | F9: =IF(E9=1,"1층",IF(AND(E9>3,E9<10),"중",IF(E9>15,E9,IF(E9>=10,"고","저")))) -> 중 | G9: 50000
A10: 43357 | B10: 매물 | C10: =LEFT(D10,1)&"단지" -> 2단지 | D10: 202 | E10: 9 | F10: =IF(E10=1,"1층",IF(AND(E10>3,E10<10),"중",IF(E10>15,E10,IF(E10>=10,"고","저")))) -> 중 | G10: 59500
A11: 43366 | B11: 매물 | C11: =LEFT(D11,1)&"단지" -> 3단지 | D11: 302 | E11: 3 | F11: =IF(E11=1,"1층",IF(AND(E11>3,E11<10),"중",IF(E11>15,E11,IF(E11>=10,"고","저")))) -> 저 | G11: 53500
A12: 43367 | B12: 매물 | C12: =LEFT(D12,1)&"단지" -> 4단지 | D12: 407 | E12: 4 | F12: =IF(E12=1,"1층",IF(AND(E12>3,E12<10),"중",IF(E12>15,E12,IF(E12>=10,"고","저")))) -> 중 | G12: 53000
A13: 43370 | B13: 매물 | C13: =LEFT(D13,1)&"단지" -> 4단지 | D13: 407 | E13: 9 | F13: =IF(E13=1,"1층",IF(AND(E13>3,E13<10),"중",IF(E13>15,E13,IF(E13>=10,"고","저")))) -> 중 | G13: 50000
A14: 43370 | B14: 매물 | C14: =LEFT(D14,1)&"단지" -> 1단지 | D14: 109 | E14: 10 | F14: =IF(E14=1,"1층",IF(AND(E14>3,E14<10),"중",IF(E14>15,E14,IF(E14>=10,"고","저")))) -> 고 | G14: 43000
A15: 43371 | B15: 매물 | C15: =LEFT(D15,1)&"단지" -> 3단지 | D15: 303 | E15: 15 | F15: =IF(E15=1,"1층",IF(AND(E15>3,E15<10),"중",IF(E15>15,E15,IF(E15>=10,"고","저")))) -> 고 | G15: 52000
... A30: 43392 | B30: 매물 | C30: =LEFT(D30,1)&"단지" -> 3단지 | D30: 301 | E30: 6 | F30: =IF(E30=1,"1층",IF(AND(E30>3,E30<10),"중",IF(E30>15,E30,IF(E30>=10,"고","저")))) -> 중 | G30: 55000
A31: 43397 | B31: 매물 | C31: =LEFT(D31,1)&"단지" -> 4단지 | D31: 402 | E31: 고 | F31: =IF(E31=1,"1층",IF(AND(E31>3,E31<10),"중",IF(E31>15,E31,IF(E31>=10,"고","저")))) -> 고 | G31: 50000
A32: 43404 | B32: 매물 | C32: =LEFT(D32,1)&"단지" -> 2단지 | D32: 202 | E32: 6 | F32: =IF(E32=1,"1층",IF(AND(E32>3,E32<10),"중",IF(E32>15,E32,IF(E32>=10,"고","저")))) -> 중 | G32: 44000
A33: 43405 | B33: 매물 | C33: =LEFT(D33,1)&"단지" -> 4단지 | D33: 407 | E33: 14 | F33: =IF(E33=1,"1층",IF(AND(E33>3,E33<10),"중",IF(E33>15,E33,IF(E33>=10,"고","저")))) -> 고 | G33: 50000
A34: 43412 | B34: 매물 | C34: =LEFT(D34,1)&"단지" -> 3단지 | D34: 307 | E34: 1 | F34: =IF(E34=1,"1층",IF(AND(E34>3,E34<10),"중",IF(E34>15,E34,IF(E34>=10,"고","저")))) -> 1층 | G34: 41000
A35: 43413 | B35: 매물 | C35: =LEFT(D35,1)&"단지" -> 3단지 | D35: 307 | E35: 10 | F35: =IF(E35=1,"1층",IF(AND(E35>3,E35<10),"중",IF(E35>15,E35,IF(E35>=10,"고","저")))) -> 고 | G35: 46000
A36: 43413 | B36: 매물 | C36: =LEFT(D36,1)&"단지" -> 1단지 | D36: 104 | E36: 3 | F36: =IF(E36=1,"1층",IF(AND(E36>3,E36<10),"중",IF(E36>15,E36,IF(E36>=10,"고","저")))) -> 저 | G36: 43000
A37: 43413 | B37: 매물 | C37: =LEFT(D37,1)&"단지" -> 1단지 | D37: 104 | E37: 5 | F37: =IF(E37=1,"1층",IF(AND(E37>3,E37<10),"중",IF(E37>15,E37,IF(E37>=10,"고","저")))) -> 중 | G37: 43000
A38: 43423 | B38: 매물 | C38: =LEFT(D38,1)&"단지" -> 1단지 | D38: 109 | E38: 10 | F38: =IF(E38=1,"1층",IF(AND(E38>3,E38<10),"중",IF(E38>15,E38,IF(E38>=10,"고","저")))) -> 고 | G38: 43000
A39: 43423 | B39: 매물 | C39: =LEFT(D39,1)&"단지" -> 2단지 | D39: 203 | E39: 11 | F39: =IF(E39=1,"1층",IF(AND(E39>3,E39<10),"중",IF(E39>15,E39,IF(E39>=10,"고","저")))) -> 고 | G39: 42000
A40: 43466 | B40: 최근거래 | C40: =LEFT(D40,1)&"단지" -> 4단지 | D40: 400 | E40: 5 | F40: =IF(E40=1,"1층",IF(AND(E40>3,E40<10),"중",IF(E40>15,E40,IF(E40>=10,"고","저")))) -> 중 | G40: 47000
A41: 43466 | B41: 최근거래 | C41: =LEFT(D41,1)&"단지" -> 1단지 | D41: 100 | E41: 15 | F41: =IF(E41=1,"1층",IF(AND(E41>3,E41<10),"중",IF(E41>15,E41,IF(E41>=10,"고","저")))) -> 고 | G41: 42000
A42: 43466 | B42: 최근거래 | C42: =LEFT(D42,1)&"단지" -> 2단지 | D42: 200 | E42: 13 | F42: =IF(E42=1,"1층",IF(AND(E42>3,E42<10),"중",IF(E42>15,E42,IF(E42>=10,"고","저")))) -> 고 | G42: 39900
A43: 43494 | B43: 매물 | C43: =LEFT(D43,1)&"단지" -> 1단지 | D43: 109 | E43: 중 | F43: =IF(E43=1,"1층",IF(AND(E43>3,E43<10),"중",IF(E43>15,E43,IF(E43>=10,"고","저")))) -> 중 | G43: 44000
A44: 43504 | B44: 매물 | C44: =LEFT(D44,1)&"단지" -> 2단지 | D44: 203 | E44: 9 | F44: =IF(E44=1,"1층",IF(AND(E44>3,E44<10),"중",IF(E44>15,E44,IF(E44>=10,"고","저")))) -> 중 | G44: 58000
A45: 43504 | B45: 매물 | C45: =LEFT(D45,1)&"단지" -> 4단지 | D45: 402 | E45: 14 | F45: =IF(E45=1,"1층",IF(AND(E45>3,E45<10),"중",IF(E45>15,E45,IF(E45>=10,"고","저")))) -> 고 | G45: 60000
A46: 43505 | B46: 매물 | C46: =LEFT(D46,1)&"단지" -> 3단지 | D46: 306 | E46: 9 | F46: =IF(E46=1,"1층",IF(AND(E46>3,E46<10),"중",IF(E46>15,E46,IF(E46>=10,"고","저")))) -> 중 | G46: 53000
A47: 43508 | B47: 매물 | C47: =LEFT(D47,1)&"단지" -> 4단지 | D47: 402 | E47: 중 | F47: =IF(E47=1,"1층",IF(AND(E47>3,E47<10),"중",IF(E47>15,E47,IF(E47>=10,"고","저")))) -> 중 | G47: 55000
A48: 43510 | B48: 매물 | C48: =LEFT(D48,1)&"단지" -> 3단지 | D48: 308 | E48: 1 | F48: =IF(E48=1,"1층",IF(AND(E48>3,E48<10),"중",IF(E48>15,E48,IF(E48>=10,"고","저")))) -> 1층 | G48: 42000
A49: 43510 | B49: 매물 | C49: =LEFT(D49,1)&"단지" -> 3단지 | D49: 301 | E49: 9 | F49: =IF(E49=1,"1층",IF(AND(E49>3,E49<10),"중",IF(E49>15,E49,IF(E49>=10,"고","저")))) -> 중 | G49: 55000
A50: 43510 | B50: 매물 | C50: =LEFT(D50,1)&"단지" -> 4단지 | D50: 407 | E50: 9 | F50: =IF(E50=1,"1층",IF(AND(E50>3,E50<10),"중",IF(E50>15,E50,IF(E50>=10,"고","저")))) -> 중 | G50: 55000
A51: 43510 | B51: 매물 | C51: =LEFT(D51,1)&"단지" -> 4단지 | D51: 407 | E51: 14 | F51: =IF(E51=1,"1층",IF(AND(E51>3,E51<10),"중",IF(E51>15,E51,IF(E51>=10,"고","저")))) -> 고 | G51: 50000
A52: 43511 | B52: 매물 | C52: =LEFT(D52,1)&"단지" -> 1단지 | D52: 109 | E52: 13 | F52: =IF(E52=1,"1층",IF(AND(E52>3,E52<10),"중",IF(E52>15,E52,IF(E52>=10,"고","저")))) -> 고 | G52: 44000
A53: 43512 | B53: 매물 | C53: =LEFT(D53,1)&"단지" -> 2단지 | D53: 202 | E53: 6 | F53: =IF(E53=1,"1층",IF(AND(E53>3,E53<10),"중",IF(E53>15,E53,IF(E53>=10,"고","저")))) -> 중 | G53: 44000
A54: 43515 | B54: 매물 | C54: =LEFT(D54,1)&"단지" -> 3단지 | D54: 302 | E54: 4 | F54: =IF(E54=1,"1층",IF(AND(E54>3,E54<10),"중",IF(E54>15,E54,IF(E54>=10,"고","저")))) -> 중 | G54: 53000
A55: 43516 | B55: 매물 | C55: =LEFT(D55,1)&"단지" -> 3단지 | D55: 301 | E55: 4 | F55: =IF(E55=1,"1층",IF(AND(E55>3,E55<10),"중",IF(E55>15,E55,IF(E55>=10,"고","저")))) -> 중 | G55: 50000
A56: 43517 | B56: 매물 | C56: =LEFT(D56,1)&"단지" -> 3단지 | D56: 301 | E56: 6 | F56: =IF(E56=1,"1층",IF(AND(E56>3,E56<10),"중",IF(E56>15,E56,IF(E56>=10,"고","저")))) -> 중 | G56: 55000
A57: 43517 | B57: 매물 | C57: =LEFT(D57,1)&"단지" -> 3단지 | D57: 308 | E57: 4 | F57: =IF(E57=1,"1층",IF(AND(E57>3,E57<10),"중",IF(E57>15,E57,IF(E57>=10,"고","저")))) -> 중 | G57: 50000
A58: 43517 | B58: 매물 | C58: =LEFT(D58,1)&"단지" -> 4단지 | D58: 407 | E58: 1 | F58: =IF(E58=1,"1층",IF(AND(E58>3,E58<10),"중",IF(E58>15,E58,IF(E58>=10,"고","저")))) -> 1층 | G58: 45000
A59: 43518 | B59: 매물 | C59: =LEFT(D59,1)&"단지" -> 2단지 | D59: 208 | E59: 저 | F59: =IF(E59=1,"1층",IF(AND(E59>3,E59<10),"중",IF(E59>15,E59,IF(E59>=10,"고","저")))) -> 저 | G59: 44000
A60: 43519 | B60: 매물 | C60: =LEFT(D60,1)&"단지" -> 1단지 | D60: 109 | E60: 3 | F60: =IF(E60=1,"1층",IF(AND(E60>3,E60<10),"중",IF(E60>15,E60,IF(E60>=10,"고","저")))) -> 저 | G60: 42000
A61: 43519 | B61: 매물 | C61: =LEFT(D61,1)&"단지" -> 3단지 | D61: 309 | E61: 7 | F61: =IF(E61=1,"1층",IF(AND(E61>3,E61<10),"중",IF(E61>15,E61,IF(E61>=10,"고","저")))) -> 중 | G61: 55000
A62: 43519 | B62: 매물 | C62: =LEFT(D62,1)&"단지" -> 3단지 | D62: 303 | E62: 고 | F62: =IF(E62=1,"1층",IF(AND(E62>3,E62<10),"중",IF(E62>15,E62,IF(E62>=10,"고","저")))) -> 고 | G62: 50000
A63: 43519 | B63: 매물 | C63: =LEFT(D63,1)&"단지" -> 2단지 | D63: 202 | E63: 15 | F63: =IF(E63=1,"1층",IF(AND(E63>3,E63<10),"중",IF(E63>15,E63,IF(E63>=10,"고","저")))) -> 고 | G63: 42500
A64: 43519 | B64: 매물 | C64: =LEFT(D64,1)&"단지" -> 2단지 | D64: 208 | E64: 고 | F64: =IF(E64=1,"1층",IF(AND(E64>3,E64<10),"중",IF(E64>15,E64,IF(E64>=10,"고","저")))) -> 고 | G64: 42000
A65: 43523 | B65: 매물 | C65: =LEFT(D65,1)&"단지" -> 3단지 | D65: 303 | E65: 14 | F65: =IF(E65=1,"1층",IF(AND(E65>3,E65<10),"중",IF(E65>15,E65,IF(E65>=10,"고","저")))) -> 고 | G65: 55000
A66: 43523 | B66: 매물 | C66: =LEFT(D66,1)&"단지" -> 3단지 | D66: 301 | E66: 13 | F66: =IF(E66=1,"1층",IF(AND(E66>3,E66<10),"중",IF(E66>15,E66,IF(E66>=10,"고","저")))) -> 고 | G66: 55000
A67: 43523 | B67: 매물 | C67: =LEFT(D67,1)&"단지" -> 3단지 | D67: 303 | E67: 고 | F67: =IF(E67=1,"1층",IF(AND(E67>3,E67<10),"중",IF(E67>15,E67,IF(E67>=10,"고","저")))) -> 고 | G67: 50000
A68: 43523 | B68: 매물 | C68: =LEFT(D68,1)&"단지" -> 4단지 | D68: 402 | E68: 10 | F68: =IF(E68=1,"1층",IF(AND(E68>3,E68<10),"중",IF(E68>15,E68,IF(E68>=10,"고","저")))) -> 고 | G68: 53000
A69: 43523 | B69: 매물 | C69: =LEFT(D69,1)&"단지" -> 2단지 | D69: 202 | E69: 9 | F69: =IF(E69=1,"1층",IF(AND(E69>3,E69<10),"중",IF(E69>15,E69,IF(E69>=10,"고","저")))) -> 중 | G69: 44000
A70: 43521 | B70: 매물 | C70: =LEFT(D70,1)&"단지" -> 2단지 | D70: 202 | E70: 6 | F70: =IF(E70=1,"1층",IF(AND(E70>3,E70<10),"중",IF(E70>15,E70,IF(E70>=10,"고","저")))) -> 중 | G70: 44000
A71: 43531 | B71: 매물 | C71: =LEFT(D71,1)&"단지" -> 1단지 | D71: 109 | E71: 7 | F71: =IF(E71=1,"1층",IF(AND(E71>3,E71<10),"중",IF(E71>15,E71,IF(E71>=10,"고","저")))) -> 중 | G71: 44000
A72: 43519 | B72: 매물 | C72: =LEFT(D72,1)&"단지" -> 1단지 | D72: 111 | E72: 3 | F72: =IF(E72=1,"1층",IF(AND(E72>3,E72<10),"중",IF(E72>15,E72,IF(E72>=10,"고","저")))) -> 저 | G72: 41500
A73: 43519 | B73: 매물 | C73: =LEFT(D73,1)&"단지" -> 1단지 | D73: 111 | E73: 9 | F73: =IF(E73=1,"1층",IF(AND(E73>3,E73<10),"중",IF(E73>15,E73,IF(E73>=10,"고","저")))) -> 중 | G73: 42000
A74: 43522 | B74: 매물 | C74: =LEFT(D74,1)&"단지" -> 2단지 | D74: 202 | E74: 6 | F74: =IF(E74=1,"1층",IF(AND(E74>3,E74<10),"중",IF(E74>15,E74,IF(E74>=10,"고","저")))) -> 중 | G74: 44000
A75: 43466 | B75: 최근거래 | C75: =LEFT(D75,1)&"단지" -> 3단지 | D75: 300 | E75: 2 | F75: =IF(E75=1,"1층",IF(AND(E75>3,E75<10),"중",IF(E75>15,E75,IF(E75>=10,"고","저")))) -> 저 | G75: 44200
A76: 43533 | C76: =LEFT(D76,1)&"단지" -> 3단지 | D76: 301 | E76: 4 | F76: =IF(E76=1,"1층",IF(AND(E76>3,E76<10),"중",IF(E76>15,E76,IF(E76>=10,"고","저")))) -> 중 | G76: 50000
A77: 43531 | C77: =LEFT(D77,1)&"단지" -> 3단지 | D77: 302 | E77: 9 | F77: =IF(E77=1,"1층",IF(AND(E77>3,E77<10),"중",IF(E77>15,E77,IF(E77>=10,"고","저")))) -> 중 | G77: 52000
A78: 43531 | C78: =LEFT(D78,1)&"단지" -> 3단지 | D78: 301 | E78: 13 | F78: =IF(E78=1,"1층",IF(AND(E78>3,E78<10),"중",IF(E78>15,E78,IF(E78>=10,"고","저")))) -> 고 | G78: 53000
A79: 43531 | C79: =LEFT(D79,1)&"단지" -> 4단지 | D79: 407 | E79: 14 | F79: =IF(E79=1,"1층",IF(AND(E79>3,E79<10),"중",IF(E79>15,E79,IF(E79>=10,"고","저")))) -> 고 | G79: 50000
A80: 43531 | C80: =LEFT(D80,1)&"단지" -> 4단지 | D80: 402 | E80: 10 | F80: =IF(E80=1,"1층",IF(AND(E80>3,E80<10),"중",IF(E80>15,E80,IF(E80>=10,"고","저")))) -> 고 | G80: 52000

Sheet 가격변동
B1: 구분 | C1: 2017-05 | D1: 2019-03 | E1: 증감율
A2: 수락 | B2: 1단지 | C2: 37500 | D2: 42000 | E2: =D2/C2-1 -> 0.12
A3: 수락 | B3: 2단지 | C3: 38000 | D3: 44000 | E3: =D3/C3-1 -> 0.15789474
A4: 수락 | B4: 4단지 | C4: 41500 | D4: 50000 | E4: =D4/C4-1 -> 0.20481928
A5: 도봉 | B5: 한신 | C5: 35000 | D5: 41000 | E5: =D5/C5-1 -> 0.17142857
A6: 도봉 | B6: 도봉래미안 | C6: 43000 | D6: 53000 | E6: =D6/C6-1 -> 0.23255814
A7: 도봉 | B7: 도봉파크빌 | C7: 36500 | D7: 46000 | E7: =D7/C7-1 -> 0.26027397
A8: 방학 | B8: 방학래미안 | C8: 52500 | D8: 67000 | E8: =D8/C8-1 -> 0.27619048
A9: 노원 | B9: 노원 동양 | C9: 51500 | D9: 64000 | E9: =D9/C9-1 -> 0.24271845
A10: 녹천 | B10: 녹천 두산위브 | C10: 46000 | D10: 57000 | E10: =D10/C10-1 -> 0.23913043
A11: 월계 | B11: 롯데루나 | C11: 47000 | D11: 61000 | E11: =D11/C11-1 -> 0.29787234
A12: 중랑 | B12: 망우 금호어울림 | C12: 38000 | D12: 50000 | E12: =D12/C12-1 -> 0.31578947
A13: 중랑 | B13: 중랑숲리가 | C13: 45000 | D13: 53000 | E13: =D13/C13-1 -> 0.17777778
... A31: 중계 | B31: 건영3차 | C31: 60000 | D31: 78000 | E31: =D31/C31-1 -> 0.3
